time,step,u10,v10,ssrd,number,surface,valid_time,ssrd_wm2,wind_speed
2018-02-01 07:00:00,0 days 01:00:00,3.5248182,2.6701698,0.0,0,0.0,2018-02-01 07:00:00,0.32034165,4.639457
2018-02-01 07:00:00,0 days 02:00:00,3.5248182,2.6701698,0.0,0,0.0,2018-02-01 07:00:00,0.32034165,4.639457
2018-02-01 07:00:00,0 days 03:00:00,3.5248182,2.6701698,0.0,0,0.0,2018-02-01 07:00:00,0.32034165,4.639457
2018-02-01 07:00:00,0 days 04:00:00,3.5248182,2.6701698,0.0,0,0.0,2018-02-01 07:00:00,0.32034165,4.639457
2018-02-01 07:00:00,0 days 05:00:00,3.5248182,2.6701698,0.0,0,0.0,2018-02-01 07:00:00,0.32034165,4.639457
2018-02-01 07:00:00,0 days 06:00:00,3.5248182,2.6701698,0.0,0,0.0,2018-02-01 07:00:00,0.32034165,4.639457
2018-02-01 07:00:00,0 days 07:00:00,3.5248182,2.6701698,0.0,0,0.0,2018-02-01 07:00:00,0.32034165,4.639457
2018-02-01 07:00:00,0 days 08:00:00,3.5248182,2.6701698,0.0,0,0.0,2018-02-01 07:00:00,0.32034165,4.639457
2018-02-01 07:00:00,0 days 09:00:00,3.5248182,2.6701698,0.0,0,0.0,2018-02-01 07:00:00,0.32034165,4.639457
2018-02-01 07:00:00,0 days 10:00:00,3.5248182,2.6701698,0.0,0,0.0,2018-02-01 07:00:00,0.32034165,4.639457
2018-02-01 07:00:00,0 days 11:00:00,3.5248182,2.6701698,0.0,0,0.0,2018-02-01 07:00:00,0.32034165,4.639457
2018-02-01 07:00:00,0 days 12:00:00,3.5248182,2.6701698,0.0,0,0.0,2018-02-01 07:00:00,0.32034165,4.639457
2018-02-01 19:00:00,0 days 01:00:00,2.8889313,2.7528794,0.0,0,0.0,2018-02-01 19:00:00,0.0,4.493328
2018-02-01 19:00:00,0 days 02:00:00,2.8889313,2.7528794,0.0,0,0.0,2018-02-01 19:00:00,0.0,4.493328
2018-02-01 19:00:00,0 days 03:00:00,2.8889313,2.7528794,0.0,0,0.0,2018-02-01 19:00:00,0.0,4.493328
2018-02-01 19:00:00,0 days 04:00:00,2.8889313,2.7528794,0.0,0,0.0,2018-02-01 19:00:00,0.0,4.493328
2018-02-01 19:00:00,0 days 05:00:00,2.8889313,2.7528794,0.0,0,0.0,2018-02-01 19:00:00,0.0,4.493328
2018-02-01 19:00:00,0 days 06:00:00,2.8889313,2.7528794,0.0,0,0.0,2018-02-01 19:00:00,0.0,4.493328
2018-02-01 19:00:00,0 days 07:00:00,2.8889313,2.7528794,0.0,0,0.0,2018-02-01 19:00:00,0.0,4.493328
2018-02-01 19:00:00,0 days 08:00:00,2.8889313,2.7528794,0.0,0,0.0,2018-02-01 19:00:00,0.0,4.493328
2018-02-01 19:00:00,0 days 09:00:00,2.8889313,2.7528794,0.0,0,0.0,2018-02-01 19:00:00,0.0,4.493328
2018-02-01 19:00:00,0 days 10:00:00,2.8889313,2.7528794,0.0,0,0.0,2018-02-01 19:00:00,0.0,4.493328
2018-02-01 19:00:00,0 days 11:00:00,2.8889313,2.7528794,0.0,0,0.0,2018-02-01 19:00:00,0.0,4.493328
2018-02-01 19:00:00,0 days 12:00:00,2.8889313,2.7528794,0.0,0,0.0,2018-02-01 19:00:00,0.0,4.493328
2018-02-02 07:00:00,0 days 01:00:00,1.9603592,2.1281624,0.0,0,0.0,2018-02-02 07:00:00,0.47990802,4.0644712
2018-02-02 07:00:00,0 days 02:00:00,1.9603592,2.1281624,0.0,0,0.0,2018-02-02 07:00:00,0.47990802,4.0644712
2018-02-02 07:00:00,0 days 03:00:00,1.9603592,2.1281624,0.0,0,0.0,2018-02-02 07:00:00,0.47990802,4.0644712
2018-02-02 07:00:00,0 days 04:00:00,1.9603592,2.1281624,0.0,0,0.0,2018-02-02 07:00:00,0.47990802,4.0644712
2018-02-02 07:00:00,0 days 05:00:00,1.9603592,2.1281624,0.0,0,0.0,2018-02-02 07:00:00,0.47990802,4.0644712
2018-02-02 07:00:00,0 days 06:00:00,1.9603592,2.1281624,0.0,0,0.0,2018-02-02 07:00:00,0.47990802,4.0644712
2018-02-02 07:00:00,0 days 07:00:00,1.9603592,2.1281624,0.0,0,0.0,2018-02-02 07:00:00,0.47990802,4.0644712
2018-02-02 07:00:00,0 days 08:00:00,1.9603592,2.1281624,0.0,0,0.0,2018-02-02 07:00:00,0.47990802,4.0644712
2018-02-02 07:00:00,0 days 09:00:00,1.9603592,2.1281624,0.0,0,0.0,2018-02-02 07:00:00,0.47990802,4.0644712
2018-02-02 07:00:00,0 days 10:00:00,1.9603592,2.1281624,0.0,0,0.0,2018-02-02 07:00:00,0.47990802,4.0644712
2018-02-02 07:00:00,0 days 11:00:00,1.9603592,2.1281624,0.0,0,0.0,2018-02-02 07:00:00,0.47990802,4.0644712
2018-02-02 07:00:00,0 days 12:00:00,1.9603592,2.1281624,0.0,0,0.0,2018-02-02 07:00:00,0.47990802,4.0644712
2018-02-02 19:00:00,0 days 01:00:00,1.7167065,0.04902738,0.0,0,0.0,2018-02-02 19:00:00,0.0,3.356541
2018-02-02 19:00:00,0 days 02:00:00,1.7167065,0.04902738,0.0,0,0.0,2018-02-02 19:00:00,0.0,3.356541
2018-02-02 19:00:00,0 days 03:00:00,1.7167065,0.04902738,0.0,0,0.0,2018-02-02 19:00:00,0.0,3.356541
2018-02-02 19:00:00,0 days 04:00:00,1.7167065,0.04902738,0.0,0,0.0,2018-02-02 19:00:00,0.0,3.356541
2018-02-02 19:00:00,0 days 05:00:00,1.7167065,0.04902738,0.0,0,0.0,2018-02-02 19:00:00,0.0,3.356541
2018-02-02 19:00:00,0 days 06:00:00,1.7167065,0.04902738,0.0,0,0.0,2018-02-02 19:00:00,0.0,3.356541
2018-02-02 19:00:00,0 days 07:00:00,1.7167065,0.04902738,0.0,0,0.0,2018-02-02 19:00:00,0.0,3.356541
2018-02-02 19:00:00,0 days 08:00:00,1.7167065,0.04902738,0.0,0,0.0,2018-02-02 19:00:00,0.0,3.356541
2018-02-02 19:00:00,0 days 09:00:00,1.7167065,0.04902738,0.0,0,0.0,2018-02-02 19:00:00,0.0,3.356541
2018-02-02 19:00:00,0 days 10:00:00,1.7167065,0.04902738,0.0,0,0.0,2018-02-02 19:00:00,0.0,3.356541
2018-02-02 19:00:00,0 days 11:00:00,1.7167065,0.04902738,0.0,0,0.0,2018-02-02 19:00:00,0.0,3.356541
2018-02-02 19:00:00,0 days 12:00:00,1.7167065,0.04902738,0.0,0,0.0,2018-02-02 19:00:00,0.0,3.356541
2018-02-03 07:00:00,0 days 01:00:00,1.1538602,-0.62041974,0.0,0,0.0,2018-02-03 07:00:00,0.5678509,2.5445166
2018-02-03 07:00:00,0 days 02:00:00,1.1538602,-0.62041974,0.0,0,0.0,2018-02-03 07:00:00,0.5678509,2.5445166
2018-02-03 07:00:00,0 days 03:00:00,1.1538602,-0.62041974,0.0,0,0.0,2018-02-03 07:00:00,0.5678509,2.5445166
2018-02-03 07:00:00,0 days 04:00:00,1.1538602,-0.62041974,0.0,0,0.0,2018-02-03 07:00:00,0.5678509,2.5445166
2018-02-03 07:00:00,0 days 05:00:00,1.1538602,-0.62041974,0.0,0,0.0,2018-02-03 07:00:00,0.5678509,2.5445166
2018-02-03 07:00:00,0 days 06:00:00,1.1538602,-0.62041974,0.0,0,0.0,2018-02-03 07:00:00,0.5678509,2.5445166
2018-02-03 07:00:00,0 days 07:00:00,1.1538602,-0.62041974,0.0,0,0.0,2018-02-03 07:00:00,0.5678509,2.5445166
2018-02-03 07:00:00,0 days 08:00:00,1.1538602,-0.62041974,0.0,0,0.0,2018-02-03 07:00:00,0.5678509,2.5445166
2018-02-03 07:00:00,0 days 09:00:00,1.1538602,-0.62041974,0.0,0,0.0,2018-02-03 07:00:00,0.5678509,2.5445166
2018-02-03 07:00:00,0 days 10:00:00,1.1538602,-0.62041974,0.0,0,0.0,2018-02-03 07:00:00,0.5678509,2.5445166
2018-02-03 07:00:00,0 days 11:00:00,1.1538602,-0.62041974,0.0,0,0.0,2018-02-03 07:00:00,0.5678509,2.5445166
2018-02-03 07:00:00,0 days 12:00:00,1.1538602,-0.62041974,0.0,0,0.0,2018-02-03 07:00:00,0.5678509,2.5445166
2018-02-03 19:00:00,0 days 01:00:00,0.28250268,-0.9320223,0.0,0,0.0,2018-02-03 19:00:00,0.0,2.4426298
2018-02-03 19:00:00,0 days 02:00:00,0.28250268,-0.9320223,0.0,0,0.0,2018-02-03 19:00:00,0.0,2.4426298
2018-02-03 19:00:00,0 days 03:00:00,0.28250268,-0.9320223,0.0,0,0.0,2018-02-03 19:00:00,0.0,2.4426298
2018-02-03 19:00:00,0 days 04:00:00,0.28250268,-0.9320223,0.0,0,0.0,2018-02-03 19:00:00,0.0,2.4426298
2018-02-03 19:00:00,0 days 05:00:00,0.28250268,-0.9320223,0.0,0,0.0,2018-02-03 19:00:00,0.0,2.4426298
2018-02-03 19:00:00,0 days 06:00:00,0.28250268,-0.9320223,0.0,0,0.0,2018-02-03 19:00:00,0.0,2.4426298
2018-02-03 19:00:00,0 days 07:00:00,0.28250268,-0.9320223,0.0,0,0.0,2018-02-03 19:00:00,0.0,2.4426298
2018-02-03 19:00:00,0 days 08:00:00,0.28250268,-0.9320223,0.0,0,0.0,2018-02-03 19:00:00,0.0,2.4426298
2018-02-03 19:00:00,0 days 09:00:00,0.28250268,-0.9320223,0.0,0,0.0,2018-02-03 19:00:00,0.0,2.4426298
2018-02-03 19:00:00,0 days 10:00:00,0.28250268,-0.9320223,0.0,0,0.0,2018-02-03 19:00:00,0.0,2.4426298
2018-02-03 19:00:00,0 days 11:00:00,0.28250268,-0.9320223,0.0,0,0.0,2018-02-03 19:00:00,0.0,2.4426298
2018-02-03 19:00:00,0 days 12:00:00,0.28250268,-0.9320223,0.0,0,0.0,2018-02-03 19:00:00,0.0,2.4426298
2018-02-04 07:00:00,0 days 01:00:00,-0.8413584,-1.9644881,0.0,0,0.0,2018-02-04 07:00:00,0.9838089,3.205395
2018-02-04 07:00:00,0 days 02:00:00,-0.8413584,-1.9644881,0.0,0,0.0,2018-02-04 07:00:00,0.9838089,3.205395
2018-02-04 07:00:00,0 days 03:00:00,-0.8413584,-1.9644881,0.0,0,0.0,2018-02-04 07:00:00,0.9838089,3.205395
2018-02-04 07:00:00,0 days 04:00:00,-0.8413584,-1.9644881,0.0,0,0.0,2018-02-04 07:00:00,0.9838089,3.205395
2018-02-04 07:00:00,0 days 05:00:00,-0.8413584,-1.9644881,0.0,0,0.0,2018-02-04 07:00:00,0.9838089,3.205395
2018-02-04 07:00:00,0 days 06:00:00,-0.8413584,-1.9644881,0.0,0,0.0,2018-02-04 07:00:00,0.9838089,3.205395
2018-02-04 07:00:00,0 days 07:00:00,-0.8413584,-1.9644881,0.0,0,0.0,2018-02-04 07:00:00,0.9838089,3.205395
2018-02-04 07:00:00,0 days 08:00:00,-0.8413584,-1.9644881,0.0,0,0.0,2018-02-04 07:00:00,0.9838089,3.205395
2018-02-04 07:00:00,0 days 09:00:00,-0.8413584,-1.9644881,0.0,0,0.0,2018-02-04 07:00:00,0.9838089,3.205395
2018-02-04 07:00:00,0 days 10:00:00,-0.8413584,-1.9644881,0.0,0,0.0,2018-02-04 07:00:00,0.9838089,3.205395
2018-02-04 07:00:00,0 days 11:00:00,-0.8413584,-1.9644881,0.0,0,0.0,2018-02-04 07:00:00,0.9838089,3.205395
2018-02-04 07:00:00,0 days 12:00:00,-0.8413584,-1.9644881,0.0,0,0.0,2018-02-04 07:00:00,0.9838089,3.205395
2018-02-04 19:00:00,0 days 01:00:00,-2.5582602,-2.5565968,0.0,0,0.0,2018-02-04 19:00:00,0.0,3.8167577
2018-02-04 19:00:00,0 days 02:00:00,-2.5582602,-2.5565968,0.0,0,0.0,2018-02-04 19:00:00,0.0,3.8167577
2018-02-04 19:00:00,0 days 03:00:00,-2.5582602,-2.5565968,0.0,0,0.0,2018-02-04 19:00:00,0.0,3.8167577
2018-02-04 19:00:00,0 days 04:00:00,-2.5582602,-2.5565968,0.0,0,0.0,2018-02-04 19:00:00,0.0,3.8167577
2018-02-04 19:00:00,0 days 05:00:00,-2.5582602,-2.5565968,0.0,0,0.0,2018-02-04 19:00:00,0.0,3.8167577
2018-02-04 19:00:00,0 days 06:00:00,-2.5582602,-2.5565968,0.0,0,0.0,2018-02-04 19:00:00,0.0,3.8167577
2018-02-04 19:00:00,0 days 07:00:00,-2.5582602,-2.5565968,0.0,0,0.0,2018-02-04 19:00:00,0.0,3.8167577
2018-02-04 19:00:00,0 days 08:00:00,-2.5582602,-2.5565968,0.0,0,0.0,2018-02-04 19:00:00,0.0,3.8167577
2018-02-04 19:00:00,0 days 09:00:00,-2.5582602,-2.5565968,0.0,0,0.0,2018-02-04 19:00:00,0.0,3.8167577
2018-02-04 19:00:00,0 days 10:00:00,-2.5582602,-2.5565968,0.0,0,0.0,2018-02-04 19:00:00,0.0,3.8167577
2018-02-04 19:00:00,0 days 11:00:00,-2.5582602,-2.5565968,0.0,0,0.0,2018-02-04 19:00:00,0.0,3.8167577
2018-02-04 19:00:00,0 days 12:00:00,-2.5582602,-2.5565968,0.0,0,0.0,2018-02-04 19:00:00,0.0,3.8167577
2018-02-05 07:00:00,0 days 01:00:00,-3.1296568,-1.2451243,0.0,0,0.0,2018-02-05 07:00:00,1.1792592,3.643551
2018-02-05 07:00:00,0 days 02:00:00,-3.1296568,-1.2451243,0.0,0,0.0,2018-02-05 07:00:00,1.1792592,3.643551
2018-02-05 07:00:00,0 days 03:00:00,-3.1296568,-1.2451243,0.0,0,0.0,2018-02-05 07:00:00,1.1792592,3.643551
2018-02-05 07:00:00,0 days 04:00:00,-3.1296568,-1.2451243,0.0,0,0.0,2018-02-05 07:00:00,1.1792592,3.643551
2018-02-05 07:00:00,0 days 05:00:00,-3.1296568,-1.2451243,0.0,0,0.0,2018-02-05 07:00:00,1.1792592,3.643551
2018-02-05 07:00:00,0 days 06:00:00,-3.1296568,-1.2451243,0.0,0,0.0,2018-02-05 07:00:00,1.1792592,3.643551
2018-02-05 07:00:00,0 days 07:00:00,-3.1296568,-1.2451243,0.0,0,0.0,2018-02-05 07:00:00,1.1792592,3.643551
2018-02-05 07:00:00,0 days 08:00:00,-3.1296568,-1.2451243,0.0,0,0.0,2018-02-05 07:00:00,1.1792592,3.643551
2018-02-05 07:00:00,0 days 09:00:00,-3.1296568,-1.2451243,0.0,0,0.0,2018-02-05 07:00:00,1.1792592,3.643551
2018-02-05 07:00:00,0 days 10:00:00,-3.1296568,-1.2451243,0.0,0,0.0,2018-02-05 07:00:00,1.1792592,3.643551
2018-02-05 07:00:00,0 days 11:00:00,-3.1296568,-1.2451243,0.0,0,0.0,2018-02-05 07:00:00,1.1792592,3.643551
2018-02-05 07:00:00,0 days 12:00:00,-3.1296568,-1.2451243,0.0,0,0.0,2018-02-05 07:00:00,1.1792592,3.643551
2018-02-05 19:00:00,0 days 01:00:00,-2.98711,-0.7510665,0.0,0,0.0,2018-02-05 19:00:00,0.0,3.3738213
2018-02-05 19:00:00,0 days 02:00:00,-2.98711,-0.7510665,0.0,0,0.0,2018-02-05 19:00:00,0.0,3.3738213
2018-02-05 19:00:00,0 days 03:00:00,-2.98711,-0.7510665,0.0,0,0.0,2018-02-05 19:00:00,0.0,3.3738213
2018-02-05 19:00:00,0 days 04:00:00,-2.98711,-0.7510665,0.0,0,0.0,2018-02-05 19:00:00,0.0,3.3738213
2018-02-05 19:00:00,0 days 05:00:00,-2.98711,-0.7510665,0.0,0,0.0,2018-02-05 19:00:00,0.0,3.3738213
2018-02-05 19:00:00,0 days 06:00:00,-2.98711,-0.7510665,0.0,0,0.0,2018-02-05 19:00:00,0.0,3.3738213
2018-02-05 19:00:00,0 days 07:00:00,-2.98711,-0.7510665,0.0,0,0.0,2018-02-05 19:00:00,0.0,3.3738213
2018-02-05 19:00:00,0 days 08:00:00,-2.98711,-0.7510665,0.0,0,0.0,2018-02-05 19:00:00,0.0,3.3738213
2018-02-05 19:00:00,0 days 09:00:00,-2.98711,-0.7510665,0.0,0,0.0,2018-02-05 19:00:00,0.0,3.3738213
2018-02-05 19:00:00,0 days 10:00:00,-2.98711,-0.7510665,0.0,0,0.0,2018-02-05 19:00:00,0.0,3.3738213
2018-02-05 19:00:00,0 days 11:00:00,-2.98711,-0.7510665,0.0,0,0.0,2018-02-05 19:00:00,0.0,3.3738213
2018-02-05 19:00:00,0 days 12:00:00,-2.98711,-0.7510665,0.0,0,0.0,2018-02-05 19:00:00,0.0,3.3738213
2018-02-06 07:00:00,0 days 01:00:00,-1.7999536,0.5187991,0.0,0,0.0,2018-02-06 07:00:00,1.3859309,2.5737522
2018-02-06 07:00:00,0 days 02:00:00,-1.7999536,0.5187991,0.0,0,0.0,2018-02-06 07:00:00,1.3859309,2.5737522
2018-02-06 07:00:00,0 days 03:00:00,-1.7999536,0.5187991,0.0,0,0.0,2018-02-06 07:00:00,1.3859309,2.5737522
2018-02-06 07:00:00,0 days 04:00:00,-1.7999536,0.5187991,0.0,0,0.0,2018-02-06 07:00:00,1.3859309,2.5737522
2018-02-06 07:00:00,0 days 05:00:00,-1.7999536,0.5187991,0.0,0,0.0,2018-02-06 07:00:00,1.3859309,2.5737522
2018-02-06 07:00:00,0 days 06:00:00,-1.7999536,0.5187991,0.0,0,0.0,2018-02-06 07:00:00,1.3859309,2.5737522
2018-02-06 07:00:00,0 days 07:00:00,-1.7999536,0.5187991,0.0,0,0.0,2018-02-06 07:00:00,1.3859309,2.5737522
2018-02-06 07:00:00,0 days 08:00:00,-1.7999536,0.5187991,0.0,0,0.0,2018-02-06 07:00:00,1.3859309,2.5737522
2018-02-06 07:00:00,0 days 09:00:00,-1.7999536,0.5187991,0.0,0,0.0,2018-02-06 07:00:00,1.3859309,2.5737522
2018-02-06 07:00:00,0 days 10:00:00,-1.7999536,0.5187991,0.0,0,0.0,2018-02-06 07:00:00,1.3859309,2.5737522
2018-02-06 07:00:00,0 days 11:00:00,-1.7999536,0.5187991,0.0,0,0.0,2018-02-06 07:00:00,1.3859309,2.5737522
2018-02-06 07:00:00,0 days 12:00:00,-1.7999536,0.5187991,0.0,0,0.0,2018-02-06 07:00:00,1.3859309,2.5737522
2018-02-06 19:00:00,0 days 01:00:00,-1.4790893,0.17342733,0.0,0,0.0,2018-02-06 19:00:00,0.0,2.3802614
2018-02-06 19:00:00,0 days 02:00:00,-1.4790893,0.17342733,0.0,0,0.0,2018-02-06 19:00:00,0.0,2.3802614
2018-02-06 19:00:00,0 days 03:00:00,-1.4790893,0.17342733,0.0,0,0.0,2018-02-06 19:00:00,0.0,2.3802614
2018-02-06 19:00:00,0 days 04:00:00,-1.4790893,0.17342733,0.0,0,0.0,2018-02-06 19:00:00,0.0,2.3802614
2018-02-06 19:00:00,0 days 05:00:00,-1.4790893,0.17342733,0.0,0,0.0,2018-02-06 19:00:00,0.0,2.3802614
2018-02-06 19:00:00,0 days 06:00:00,-1.4790893,0.17342733,0.0,0,0.0,2018-02-06 19:00:00,0.0,2.3802614
2018-02-06 19:00:00,0 days 07:00:00,-1.4790893,0.17342733,0.0,0,0.0,2018-02-06 19:00:00,0.0,2.3802614
2018-02-06 19:00:00,0 days 08:00:00,-1.4790893,0.17342733,0.0,0,0.0,2018-02-06 19:00:00,0.0,2.3802614
2018-02-06 19:00:00,0 days 09:00:00,-1.4790893,0.17342733,0.0,0,0.0,2018-02-06 19:00:00,0.0,2.3802614
2018-02-06 19:00:00,0 days 10:00:00,-1.4790893,0.17342733,0.0,0,0.0,2018-02-06 19:00:00,0.0,2.3802614
2018-02-06 19:00:00,0 days 11:00:00,-1.4790893,0.17342733,0.0,0,0.0,2018-02-06 19:00:00,0.0,2.3802614
2018-02-06 19:00:00,0 days 12:00:00,-1.4790893,0.17342733,0.0,0,0.0,2018-02-06 19:00:00,0.0,2.3802614
2018-02-07 07:00:00,0 days 01:00:00,-0.76187265,-0.67581546,0.0,0,0.0,2018-02-07 07:00:00,1.2144731,2.01108
2018-02-07 07:00:00,0 days 02:00:00,-0.76187265,-0.67581546,0.0,0,0.0,2018-02-07 07:00:00,1.2144731,2.01108
2018-02-07 07:00:00,0 days 03:00:00,-0.76187265,-0.67581546,0.0,0,0.0,2018-02-07 07:00:00,1.2144731,2.01108
2018-02-07 07:00:00,0 days 04:00:00,-0.76187265,-0.67581546,0.0,0,0.0,2018-02-07 07:00:00,1.2144731,2.01108
2018-02-07 07:00:00,0 days 05:00:00,-0.76187265,-0.67581546,0.0,0,0.0,2018-02-07 07:00:00,1.2144731,2.01108
2018-02-07 07:00:00,0 days 06:00:00,-0.76187265,-0.67581546,0.0,0,0.0,2018-02-07 07:00:00,1.2144731,2.01108
2018-02-07 07:00:00,0 days 07:00:00,-0.76187265,-0.67581546,0.0,0,0.0,2018-02-07 07:00:00,1.2144731,2.01108
2018-02-07 07:00:00,0 days 08:00:00,-0.76187265,-0.67581546,0.0,0,0.0,2018-02-07 07:00:00,1.2144731,2.01108
2018-02-07 07:00:00,0 days 09:00:00,-0.76187265,-0.67581546,0.0,0,0.0,2018-02-07 07:00:00,1.2144731,2.01108
2018-02-07 07:00:00,0 days 10:00:00,-0.76187265,-0.67581546,0.0,0,0.0,2018-02-07 07:00:00,1.2144731,2.01108
2018-02-07 07:00:00,0 days 11:00:00,-0.76187265,-0.67581546,0.0,0,0.0,2018-02-07 07:00:00,1.2144731,2.01108
2018-02-07 07:00:00,0 days 12:00:00,-0.76187265,-0.67581546,0.0,0,0.0,2018-02-07 07:00:00,1.2144731,2.01108
2018-02-07 19:00:00,0 days 01:00:00,-0.19175784,-1.1297739,0.0,0,0.0,2018-02-07 19:00:00,0.0,2.0955997
2018-02-07 19:00:00,0 days 02:00:00,-0.19175784,-1.1297739,0.0,0,0.0,2018-02-07 19:00:00,0.0,2.0955997
2018-02-07 19:00:00,0 days 03:00:00,-0.19175784,-1.1297739,0.0,0,0.0,2018-02-07 19:00:00,0.0,2.0955997
2018-02-07 19:00:00,0 days 04:00:00,-0.19175784,-1.1297739,0.0,0,0.0,2018-02-07 19:00:00,0.0,2.0955997
2018-02-07 19:00:00,0 days 05:00:00,-0.19175784,-1.1297739,0.0,0,0.0,2018-02-07 19:00:00,0.0,2.0955997
2018-02-07 19:00:00,0 days 06:00:00,-0.19175784,-1.1297739,0.0,0,0.0,2018-02-07 19:00:00,0.0,2.0955997
2018-02-07 19:00:00,0 days 07:00:00,-0.19175784,-1.1297739,0.0,0,0.0,2018-02-07 19:00:00,0.0,2.0955997
2018-02-07 19:00:00,0 days 08:00:00,-0.19175784,-1.1297739,0.0,0,0.0,2018-02-07 19:00:00,0.0,2.0955997
2018-02-07 19:00:00,0 days 09:00:00,-0.19175784,-1.1297739,0.0,0,0.0,2018-02-07 19:00:00,0.0,2.0955997
2018-02-07 19:00:00,0 days 10:00:00,-0.19175784,-1.1297739,0.0,0,0.0,2018-02-07 19:00:00,0.0,2.0955997
2018-02-07 19:00:00,0 days 11:00:00,-0.19175784,-1.1297739,0.0,0,0.0,2018-02-07 19:00:00,0.0,2.0955997
2018-02-07 19:00:00,0 days 12:00:00,-0.19175784,-1.1297739,0.0,0,0.0,2018-02-07 19:00:00,0.0,2.0955997
2018-02-08 07:00:00,0 days 01:00:00,0.31636083,-0.052731667,0.0,0,0.0,2018-02-08 07:00:00,1.1846989,1.9173044
2018-02-08 07:00:00,0 days 02:00:00,0.31636083,-0.052731667,0.0,0,0.0,2018-02-08 07:00:00,1.1846989,1.9173044
2018-02-08 07:00:00,0 days 03:00:00,0.31636083,-0.052731667,0.0,0,0.0,2018-02-08 07:00:00,1.1846989,1.9173044
2018-02-08 07:00:00,0 days 04:00:00,0.31636083,-0.052731667,0.0,0,0.0,2018-02-08 07:00:00,1.1846989,1.9173044
2018-02-08 07:00:00,0 days 05:00:00,0.31636083,-0.052731667,0.0,0,0.0,2018-02-08 07:00:00,1.1846989,1.9173044
2018-02-08 07:00:00,0 days 06:00:00,0.31636083,-0.052731667,0.0,0,0.0,2018-02-08 07:00:00,1.1846989,1.9173044
2018-02-08 07:00:00,0 days 07:00:00,0.31636083,-0.052731667,0.0,0,0.0,2018-02-08 07:00:00,1.1846989,1.9173044
2018-02-08 07:00:00,0 days 08:00:00,0.31636083,-0.052731667,0.0,0,0.0,2018-02-08 07:00:00,1.1846989,1.9173044
2018-02-08 07:00:00,0 days 09:00:00,0.31636083,-0.052731667,0.0,0,0.0,2018-02-08 07:00:00,1.1846989,1.9173044
2018-02-08 07:00:00,0 days 10:00:00,0.31636083,-0.052731667,0.0,0,0.0,2018-02-08 07:00:00,1.1846989,1.9173044
2018-02-08 07:00:00,0 days 11:00:00,0.31636083,-0.052731667,0.0,0,0.0,2018-02-08 07:00:00,1.1846989,1.9173044
2018-02-08 07:00:00,0 days 12:00:00,0.31636083,-0.052731667,0.0,0,0.0,2018-02-08 07:00:00,1.1846989,1.9173044
2018-02-08 19:00:00,0 days 01:00:00,0.019186478,1.3526943,0.0,0,0.0,2018-02-08 19:00:00,0.0,2.2162979
2018-02-08 19:00:00,0 days 02:00:00,0.019186478,1.3526943,0.0,0,0.0,2018-02-08 19:00:00,0.0,2.2162979
2018-02-08 19:00:00,0 days 03:00:00,0.019186478,1.3526943,0.0,0,0.0,2018-02-08 19:00:00,0.0,2.2162979
2018-02-08 19:00:00,0 days 04:00:00,0.019186478,1.3526943,0.0,0,0.0,2018-02-08 19:00:00,0.0,2.2162979
2018-02-08 19:00:00,0 days 05:00:00,0.019186478,1.3526943,0.0,0,0.0,2018-02-08 19:00:00,0.0,2.2162979
2018-02-08 19:00:00,0 days 06:00:00,0.019186478,1.3526943,0.0,0,0.0,2018-02-08 19:00:00,0.0,2.2162979
2018-02-08 19:00:00,0 days 07:00:00,0.019186478,1.3526943,0.0,0,0.0,2018-02-08 19:00:00,0.0,2.2162979
2018-02-08 19:00:00,0 days 08:00:00,0.019186478,1.3526943,0.0,0,0.0,2018-02-08 19:00:00,0.0,2.2162979
2018-02-08 19:00:00,0 days 09:00:00,0.019186478,1.3526943,0.0,0,0.0,2018-02-08 19:00:00,0.0,2.2162979
2018-02-08 19:00:00,0 days 10:00:00,0.019186478,1.3526943,0.0,0,0.0,2018-02-08 19:00:00,0.0,2.2162979
2018-02-08 19:00:00,0 days 11:00:00,0.019186478,1.3526943,0.0,0,0.0,2018-02-08 19:00:00,0.0,2.2162979
2018-02-08 19:00:00,0 days 12:00:00,0.019186478,1.3526943,0.0,0,0.0,2018-02-08 19:00:00,0.0,2.2162979
2018-02-09 07:00:00,0 days 01:00:00,-0.54297155,2.8331044,0.0,0,0.0,2018-02-09 07:00:00,1.8699647,3.0283139
2018-02-09 07:00:00,0 days 02:00:00,-0.54297155,2.8331044,0.0,0,0.0,2018-02-09 07:00:00,1.8699647,3.0283139
2018-02-09 07:00:00,0 days 03:00:00,-0.54297155,2.8331044,0.0,0,0.0,2018-02-09 07:00:00,1.8699647,3.0283139
2018-02-09 07:00:00,0 days 04:00:00,-0.54297155,2.8331044,0.0,0,0.0,2018-02-09 07:00:00,1.8699647,3.0283139
2018-02-09 07:00:00,0 days 05:00:00,-0.54297155,2.8331044,0.0,0,0.0,2018-02-09 07:00:00,1.8699647,3.0283139
2018-02-09 07:00:00,0 days 06:00:00,-0.54297155,2.8331044,0.0,0,0.0,2018-02-09 07:00:00,1.8699647,3.0283139
2018-02-09 07:00:00,0 days 07:00:00,-0.54297155,2.8331044,0.0,0,0.0,2018-02-09 07:00:00,1.8699647,3.0283139
2018-02-09 07:00:00,0 days 08:00:00,-0.54297155,2.8331044,0.0,0,0.0,2018-02-09 07:00:00,1.8699647,3.0283139
2018-02-09 07:00:00,0 days 09:00:00,-0.54297155,2.8331044,0.0,0,0.0,2018-02-09 07:00:00,1.8699647,3.0283139
2018-02-09 07:00:00,0 days 10:00:00,-0.54297155,2.8331044,0.0,0,0.0,2018-02-09 07:00:00,1.8699647,3.0283139
2018-02-09 07:00:00,0 days 11:00:00,-0.54297155,2.8331044,0.0,0,0.0,2018-02-09 07:00:00,1.8699647,3.0283139
2018-02-09 07:00:00,0 days 12:00:00,-0.54297155,2.8331044,0.0,0,0.0,2018-02-09 07:00:00,1.8699647,3.0283139
2018-02-09 19:00:00,0 days 01:00:00,-0.64597726,2.465157,0.0,0,0.0,2018-02-09 19:00:00,0.0,2.9881947
2018-02-09 19:00:00,0 days 02:00:00,-0.64597726,2.465157,0.0,0,0.0,2018-02-09 19:00:00,0.0,2.9881947
2018-02-09 19:00:00,0 days 03:00:00,-0.64597726,2.465157,0.0,0,0.0,2018-02-09 19:00:00,0.0,2.9881947
2018-02-09 19:00:00,0 days 04:00:00,-0.64597726,2.465157,0.0,0,0.0,2018-02-09 19:00:00,0.0,2.9881947
2018-02-09 19:00:00,0 days 05:00:00,-0.64597726,2.465157,0.0,0,0.0,2018-02-09 19:00:00,0.0,2.9881947
2018-02-09 19:00:00,0 days 06:00:00,-0.64597726,2.465157,0.0,0,0.0,2018-02-09 19:00:00,0.0,2.9881947
2018-02-09 19:00:00,0 days 07:00:00,-0.64597726,2.465157,0.0,0,0.0,2018-02-09 19:00:00,0.0,2.9881947
2018-02-09 19:00:00,0 days 08:00:00,-0.64597726,2.465157,0.0,0,0.0,2018-02-09 19:00:00,0.0,2.9881947
2018-02-09 19:00:00,0 days 09:00:00,-0.64597726,2.465157,0.0,0,0.0,2018-02-09 19:00:00,0.0,2.9881947
2018-02-09 19:00:00,0 days 10:00:00,-0.64597726,2.465157,0.0,0,0.0,2018-02-09 19:00:00,0.0,2.9881947
2018-02-09 19:00:00,0 days 11:00:00,-0.64597726,2.465157,0.0,0,0.0,2018-02-09 19:00:00,0.0,2.9881947
2018-02-09 19:00:00,0 days 12:00:00,-0.64597726,2.465157,0.0,0,0.0,2018-02-09 19:00:00,0.0,2.9881947
2018-02-10 07:00:00,0 days 01:00:00,0.44516715,1.7077552,0.0,0,0.0,2018-02-10 07:00:00,1.9968532,2.2121735
2018-02-10 07:00:00,0 days 02:00:00,0.44516715,1.7077552,0.0,0,0.0,2018-02-10 07:00:00,1.9968532,2.2121735
2018-02-10 07:00:00,0 days 03:00:00,0.44516715,1.7077552,0.0,0,0.0,2018-02-10 07:00:00,1.9968532,2.2121735
2018-02-10 07:00:00,0 days 04:00:00,0.44516715,1.7077552,0.0,0,0.0,2018-02-10 07:00:00,1.9968532,2.2121735
2018-02-10 07:00:00,0 days 05:00:00,0.44516715,1.7077552,0.0,0,0.0,2018-02-10 07:00:00,1.9968532,2.2121735
2018-02-10 07:00:00,0 days 06:00:00,0.44516715,1.7077552,0.0,0,0.0,2018-02-10 07:00:00,1.9968532,2.2121735
2018-02-10 07:00:00,0 days 07:00:00,0.44516715,1.7077552,0.0,0,0.0,2018-02-10 07:00:00,1.9968532,2.2121735
2018-02-10 07:00:00,0 days 08:00:00,0.44516715,1.7077552,0.0,0,0.0,2018-02-10 07:00:00,1.9968532,2.2121735
2018-02-10 07:00:00,0 days 09:00:00,0.44516715,1.7077552,0.0,0,0.0,2018-02-10 07:00:00,1.9968532,2.2121735
2018-02-10 07:00:00,0 days 10:00:00,0.44516715,1.7077552,0.0,0,0.0,2018-02-10 07:00:00,1.9968532,2.2121735
2018-02-10 07:00:00,0 days 11:00:00,0.44516715,1.7077552,0.0,0,0.0,2018-02-10 07:00:00,1.9968532,2.2121735
2018-02-10 07:00:00,0 days 12:00:00,0.44516715,1.7077552,0.0,0,0.0,2018-02-10 07:00:00,1.9968532,2.2121735
2018-02-10 19:00:00,0 days 01:00:00,1.1418451,2.9704802,0.0,0,0.0,2018-02-10 19:00:00,0.0,3.5133362
2018-02-10 19:00:00,0 days 02:00:00,1.1418451,2.9704802,0.0,0,0.0,2018-02-10 19:00:00,0.0,3.5133362
2018-02-10 19:00:00,0 days 03:00:00,1.1418451,2.9704802,0.0,0,0.0,2018-02-10 19:00:00,0.0,3.5133362
2018-02-10 19:00:00,0 days 04:00:00,1.1418451,2.9704802,0.0,0,0.0,2018-02-10 19:00:00,0.0,3.5133362
2018-02-10 19:00:00,0 days 05:00:00,1.1418451,2.9704802,0.0,0,0.0,2018-02-10 19:00:00,0.0,3.5133362
2018-02-10 19:00:00,0 days 06:00:00,1.1418451,2.9704802,0.0,0,0.0,2018-02-10 19:00:00,0.0,3.5133362
2018-02-10 19:00:00,0 days 07:00:00,1.1418451,2.9704802,0.0,0,0.0,2018-02-10 19:00:00,0.0,3.5133362
2018-02-10 19:00:00,0 days 08:00:00,1.1418451,2.9704802,0.0,0,0.0,2018-02-10 19:00:00,0.0,3.5133362
2018-02-10 19:00:00,0 days 09:00:00,1.1418451,2.9704802,0.0,0,0.0,2018-02-10 19:00:00,0.0,3.5133362
2018-02-10 19:00:00,0 days 10:00:00,1.1418451,2.9704802,0.0,0,0.0,2018-02-10 19:00:00,0.0,3.5133362
2018-02-10 19:00:00,0 days 11:00:00,1.1418451,2.9704802,0.0,0,0.0,2018-02-10 19:00:00,0.0,3.5133362
2018-02-10 19:00:00,0 days 12:00:00,1.1418451,2.9704802,0.0,0,0.0,2018-02-10 19:00:00,0.0,3.5133362
2018-02-11 07:00:00,0 days 01:00:00,1.255117,5.4397273,0.0,0,0.0,2018-02-11 07:00:00,2.4330852,6.034854
2018-02-11 07:00:00,0 days 02:00:00,1.255117,5.4397273,0.0,0,0.0,2018-02-11 07:00:00,2.4330852,6.034854
2018-02-11 07:00:00,0 days 03:00:00,1.255117,5.4397273,0.0,0,0.0,2018-02-11 07:00:00,2.4330852,6.034854
2018-02-11 07:00:00,0 days 04:00:00,1.255117,5.4397273,0.0,0,0.0,2018-02-11 07:00:00,2.4330852,6.034854
2018-02-11 07:00:00,0 days 05:00:00,1.255117,5.4397273,0.0,0,0.0,2018-02-11 07:00:00,2.4330852,6.034854
2018-02-11 07:00:00,0 days 06:00:00,1.255117,5.4397273,0.0,0,0.0,2018-02-11 07:00:00,2.4330852,6.034854
2018-02-11 07:00:00,0 days 07:00:00,1.255117,5.4397273,0.0,0,0.0,2018-02-11 07:00:00,2.4330852,6.034854
2018-02-11 07:00:00,0 days 08:00:00,1.255117,5.4397273,0.0,0,0.0,2018-02-11 07:00:00,2.4330852,6.034854
2018-02-11 07:00:00,0 days 09:00:00,1.255117,5.4397273,0.0,0,0.0,2018-02-11 07:00:00,2.4330852,6.034854
2018-02-11 07:00:00,0 days 10:00:00,1.255117,5.4397273,0.0,0,0.0,2018-02-11 07:00:00,2.4330852,6.034854
2018-02-11 07:00:00,0 days 11:00:00,1.255117,5.4397273,0.0,0,0.0,2018-02-11 07:00:00,2.4330852,6.034854
2018-02-11 07:00:00,0 days 12:00:00,1.255117,5.4397273,0.0,0,0.0,2018-02-11 07:00:00,2.4330852,6.034854
2018-02-11 19:00:00,0 days 01:00:00,4.132687,2.4734135,0.0,0,0.0,2018-02-11 19:00:00,0.0,5.1238365
2018-02-11 19:00:00,0 days 02:00:00,4.132687,2.4734135,0.0,0,0.0,2018-02-11 19:00:00,0.0,5.1238365
2018-02-11 19:00:00,0 days 03:00:00,4.132687,2.4734135,0.0,0,0.0,2018-02-11 19:00:00,0.0,5.1238365
2018-02-11 19:00:00,0 days 04:00:00,4.132687,2.4734135,0.0,0,0.0,2018-02-11 19:00:00,0.0,5.1238365
2018-02-11 19:00:00,0 days 05:00:00,4.132687,2.4734135,0.0,0,0.0,2018-02-11 19:00:00,0.0,5.1238365
2018-02-11 19:00:00,0 days 06:00:00,4.132687,2.4734135,0.0,0,0.0,2018-02-11 19:00:00,0.0,5.1238365
2018-02-11 19:00:00,0 days 07:00:00,4.132687,2.4734135,0.0,0,0.0,2018-02-11 19:00:00,0.0,5.1238365
2018-02-11 19:00:00,0 days 08:00:00,4.132687,2.4734135,0.0,0,0.0,2018-02-11 19:00:00,0.0,5.1238365
2018-02-11 19:00:00,0 days 09:00:00,4.132687,2.4734135,0.0,0,0.0,2018-02-11 19:00:00,0.0,5.1238365
2018-02-11 19:00:00,0 days 10:00:00,4.132687,2.4734135,0.0,0,0.0,2018-02-11 19:00:00,0.0,5.1238365
2018-02-11 19:00:00,0 days 11:00:00,4.132687,2.4734135,0.0,0,0.0,2018-02-11 19:00:00,0.0,5.1238365
2018-02-11 19:00:00,0 days 12:00:00,4.132687,2.4734135,0.0,0,0.0,2018-02-11 19:00:00,0.0,5.1238365
2018-02-12 07:00:00,0 days 01:00:00,4.2511563,1.0195632,0.0,0,0.0,2018-02-12 07:00:00,2.7985613,4.8423367
2018-02-12 07:00:00,0 days 02:00:00,4.2511563,1.0195632,0.0,0,0.0,2018-02-12 07:00:00,2.7985613,4.8423367
2018-02-12 07:00:00,0 days 03:00:00,4.2511563,1.0195632,0.0,0,0.0,2018-02-12 07:00:00,2.7985613,4.8423367
2018-02-12 07:00:00,0 days 04:00:00,4.2511563,1.0195632,0.0,0,0.0,2018-02-12 07:00:00,2.7985613,4.8423367
2018-02-12 07:00:00,0 days 05:00:00,4.2511563,1.0195632,0.0,0,0.0,2018-02-12 07:00:00,2.7985613,4.8423367
2018-02-12 07:00:00,0 days 06:00:00,4.2511563,1.0195632,0.0,0,0.0,2018-02-12 07:00:00,2.7985613,4.8423367
2018-02-12 07:00:00,0 days 07:00:00,4.2511563,1.0195632,0.0,0,0.0,2018-02-12 07:00:00,2.7985613,4.8423367
2018-02-12 07:00:00,0 days 08:00:00,4.2511563,1.0195632,0.0,0,0.0,2018-02-12 07:00:00,2.7985613,4.8423367
2018-02-12 07:00:00,0 days 09:00:00,4.2511563,1.0195632,0.0,0,0.0,2018-02-12 07:00:00,2.7985613,4.8423367
2018-02-12 07:00:00,0 days 10:00:00,4.2511563,1.0195632,0.0,0,0.0,2018-02-12 07:00:00,2.7985613,4.8423367
2018-02-12 07:00:00,0 days 11:00:00,4.2511563,1.0195632,0.0,0,0.0,2018-02-12 07:00:00,2.7985613,4.8423367
2018-02-12 07:00:00,0 days 12:00:00,4.2511563,1.0195632,0.0,0,0.0,2018-02-12 07:00:00,2.7985613,4.8423367
2018-02-12 19:00:00,0 days 01:00:00,3.2188618,1.1210767,0.0,0,0.0,2018-02-12 19:00:00,0.0,3.5876937
2018-02-12 19:00:00,0 days 02:00:00,3.2188618,1.1210767,0.0,0,0.0,2018-02-12 19:00:00,0.0,3.5876937
2018-02-12 19:00:00,0 days 03:00:00,3.2188618,1.1210767,0.0,0,0.0,2018-02-12 19:00:00,0.0,3.5876937
2018-02-12 19:00:00,0 days 04:00:00,3.2188618,1.1210767,0.0,0,0.0,2018-02-12 19:00:00,0.0,3.5876937
2018-02-12 19:00:00,0 days 05:00:00,3.2188618,1.1210767,0.0,0,0.0,2018-02-12 19:00:00,0.0,3.5876937
2018-02-12 19:00:00,0 days 06:00:00,3.2188618,1.1210767,0.0,0,0.0,2018-02-12 19:00:00,0.0,3.5876937
2018-02-12 19:00:00,0 days 07:00:00,3.2188618,1.1210767,0.0,0,0.0,2018-02-12 19:00:00,0.0,3.5876937
2018-02-12 19:00:00,0 days 08:00:00,3.2188618,1.1210767,0.0,0,0.0,2018-02-12 19:00:00,0.0,3.5876937
2018-02-12 19:00:00,0 days 09:00:00,3.2188618,1.1210767,0.0,0,0.0,2018-02-12 19:00:00,0.0,3.5876937
2018-02-12 19:00:00,0 days 10:00:00,3.2188618,1.1210767,0.0,0,0.0,2018-02-12 19:00:00,0.0,3.5876937
2018-02-12 19:00:00,0 days 11:00:00,3.2188618,1.1210767,0.0,0,0.0,2018-02-12 19:00:00,0.0,3.5876937
2018-02-12 19:00:00,0 days 12:00:00,3.2188618,1.1210767,0.0,0,0.0,2018-02-12 19:00:00,0.0,3.5876937
2018-02-13 07:00:00,0 days 01:00:00,0.919843,2.81682,0.0,0,0.0,2018-02-13 07:00:00,4.423027,3.3995714
2018-02-13 07:00:00,0 days 02:00:00,0.919843,2.81682,0.0,0,0.0,2018-02-13 07:00:00,4.423027,3.3995714
2018-02-13 07:00:00,0 days 03:00:00,0.919843,2.81682,0.0,0,0.0,2018-02-13 07:00:00,4.423027,3.3995714
2018-02-13 07:00:00,0 days 04:00:00,0.919843,2.81682,0.0,0,0.0,2018-02-13 07:00:00,4.423027,3.3995714
2018-02-13 07:00:00,0 days 05:00:00,0.919843,2.81682,0.0,0,0.0,2018-02-13 07:00:00,4.423027,3.3995714
2018-02-13 07:00:00,0 days 06:00:00,0.919843,2.81682,0.0,0,0.0,2018-02-13 07:00:00,4.423027,3.3995714
2018-02-13 07:00:00,0 days 07:00:00,0.919843,2.81682,0.0,0,0.0,2018-02-13 07:00:00,4.423027,3.3995714
2018-02-13 07:00:00,0 days 08:00:00,0.919843,2.81682,0.0,0,0.0,2018-02-13 07:00:00,4.423027,3.3995714
2018-02-13 07:00:00,0 days 09:00:00,0.919843,2.81682,0.0,0,0.0,2018-02-13 07:00:00,4.423027,3.3995714
2018-02-13 07:00:00,0 days 10:00:00,0.919843,2.81682,0.0,0,0.0,2018-02-13 07:00:00,4.423027,3.3995714
2018-02-13 07:00:00,0 days 11:00:00,0.919843,2.81682,0.0,0,0.0,2018-02-13 07:00:00,4.423027,3.3995714
2018-02-13 07:00:00,0 days 12:00:00,0.919843,2.81682,0.0,0,0.0,2018-02-13 07:00:00,4.423027,3.3995714
2018-02-13 19:00:00,0 days 01:00:00,-1.6197135,2.176118,0.0,0,0.0,2018-02-13 19:00:00,0.0,3.197672
2018-02-13 19:00:00,0 days 02:00:00,-1.6197135,2.176118,0.0,0,0.0,2018-02-13 19:00:00,0.0,3.197672
2018-02-13 19:00:00,0 days 03:00:00,-1.6197135,2.176118,0.0,0,0.0,2018-02-13 19:00:00,0.0,3.197672
2018-02-13 19:00:00,0 days 04:00:00,-1.6197135,2.176118,0.0,0,0.0,2018-02-13 19:00:00,0.0,3.197672
2018-02-13 19:00:00,0 days 05:00:00,-1.6197135,2.176118,0.0,0,0.0,2018-02-13 19:00:00,0.0,3.197672
2018-02-13 19:00:00,0 days 06:00:00,-1.6197135,2.176118,0.0,0,0.0,2018-02-13 19:00:00,0.0,3.197672
2018-02-13 19:00:00,0 days 07:00:00,-1.6197135,2.176118,0.0,0,0.0,2018-02-13 19:00:00,0.0,3.197672
2018-02-13 19:00:00,0 days 08:00:00,-1.6197135,2.176118,0.0,0,0.0,2018-02-13 19:00:00,0.0,3.197672
2018-02-13 19:00:00,0 days 09:00:00,-1.6197135,2.176118,0.0,0,0.0,2018-02-13 19:00:00,0.0,3.197672
2018-02-13 19:00:00,0 days 10:00:00,-1.6197135,2.176118,0.0,0,0.0,2018-02-13 19:00:00,0.0,3.197672
2018-02-13 19:00:00,0 days 11:00:00,-1.6197135,2.176118,0.0,0,0.0,2018-02-13 19:00:00,0.0,3.197672
2018-02-13 19:00:00,0 days 12:00:00,-1.6197135,2.176118,0.0,0,0.0,2018-02-13 19:00:00,0.0,3.197672
2018-02-14 07:00:00,0 days 01:00:00,-1.4187939,1.7658621,0.0,0,0.0,2018-02-14 07:00:00,5.675434,2.8218367
2018-02-14 07:00:00,0 days 02:00:00,-1.4187939,1.7658621,0.0,0,0.0,2018-02-14 07:00:00,5.675434,2.8218367
2018-02-14 07:00:00,0 days 03:00:00,-1.4187939,1.7658621,0.0,0,0.0,2018-02-14 07:00:00,5.675434,2.8218367
2018-02-14 07:00:00,0 days 04:00:00,-1.4187939,1.7658621,0.0,0,0.0,2018-02-14 07:00:00,5.675434,2.8218367
2018-02-14 07:00:00,0 days 05:00:00,-1.4187939,1.7658621,0.0,0,0.0,2018-02-14 07:00:00,5.675434,2.8218367
2018-02-14 07:00:00,0 days 06:00:00,-1.4187939,1.7658621,0.0,0,0.0,2018-02-14 07:00:00,5.675434,2.8218367
2018-02-14 07:00:00,0 days 07:00:00,-1.4187939,1.7658621,0.0,0,0.0,2018-02-14 07:00:00,5.675434,2.8218367
2018-02-14 07:00:00,0 days 08:00:00,-1.4187939,1.7658621,0.0,0,0.0,2018-02-14 07:00:00,5.675434,2.8218367
2018-02-14 07:00:00,0 days 09:00:00,-1.4187939,1.7658621,0.0,0,0.0,2018-02-14 07:00:00,5.675434,2.8218367
2018-02-14 07:00:00,0 days 10:00:00,-1.4187939,1.7658621,0.0,0,0.0,2018-02-14 07:00:00,5.675434,2.8218367
2018-02-14 07:00:00,0 days 11:00:00,-1.4187939,1.7658621,0.0,0,0.0,2018-02-14 07:00:00,5.675434,2.8218367
2018-02-14 07:00:00,0 days 12:00:00,-1.4187939,1.7658621,0.0,0,0.0,2018-02-14 07:00:00,5.675434,2.8218367
2018-02-14 19:00:00,0 days 01:00:00,-2.4073966,2.8196235,0.0,0,0.0,2018-02-14 19:00:00,0.0,4.1709156
2018-02-14 19:00:00,0 days 02:00:00,-2.4073966,2.8196235,0.0,0,0.0,2018-02-14 19:00:00,0.0,4.1709156
2018-02-14 19:00:00,0 days 03:00:00,-2.4073966,2.8196235,0.0,0,0.0,2018-02-14 19:00:00,0.0,4.1709156
2018-02-14 19:00:00,0 days 04:00:00,-2.4073966,2.8196235,0.0,0,0.0,2018-02-14 19:00:00,0.0,4.1709156
2018-02-14 19:00:00,0 days 05:00:00,-2.4073966,2.8196235,0.0,0,0.0,2018-02-14 19:00:00,0.0,4.1709156
2018-02-14 19:00:00,0 days 06:00:00,-2.4073966,2.8196235,0.0,0,0.0,2018-02-14 19:00:00,0.0,4.1709156
2018-02-14 19:00:00,0 days 07:00:00,-2.4073966,2.8196235,0.0,0,0.0,2018-02-14 19:00:00,0.0,4.1709156
2018-02-14 19:00:00,0 days 08:00:00,-2.4073966,2.8196235,0.0,0,0.0,2018-02-14 19:00:00,0.0,4.1709156
2018-02-14 19:00:00,0 days 09:00:00,-2.4073966,2.8196235,0.0,0,0.0,2018-02-14 19:00:00,0.0,4.1709156
2018-02-14 19:00:00,0 days 10:00:00,-2.4073966,2.8196235,0.0,0,0.0,2018-02-14 19:00:00,0.0,4.1709156
2018-02-14 19:00:00,0 days 11:00:00,-2.4073966,2.8196235,0.0,0,0.0,2018-02-14 19:00:00,0.0,4.1709156
2018-02-14 19:00:00,0 days 12:00:00,-2.4073966,2.8196235,0.0,0,0.0,2018-02-14 19:00:00,0.0,4.1709156
2018-02-15 07:00:00,0 days 01:00:00,-1.8902941,4.787875,0.0,0,0.0,2018-02-15 07:00:00,4.7483487,5.3833737
2018-02-15 07:00:00,0 days 02:00:00,-1.8902941,4.787875,0.0,0,0.0,2018-02-15 07:00:00,4.7483487,5.3833737
2018-02-15 07:00:00,0 days 03:00:00,-1.8902941,4.787875,0.0,0,0.0,2018-02-15 07:00:00,4.7483487,5.3833737
2018-02-15 07:00:00,0 days 04:00:00,-1.8902941,4.787875,0.0,0,0.0,2018-02-15 07:00:00,4.7483487,5.3833737
2018-02-15 07:00:00,0 days 05:00:00,-1.8902941,4.787875,0.0,0,0.0,2018-02-15 07:00:00,4.7483487,5.3833737
2018-02-15 07:00:00,0 days 06:00:00,-1.8902941,4.787875,0.0,0,0.0,2018-02-15 07:00:00,4.7483487,5.3833737
2018-02-15 07:00:00,0 days 07:00:00,-1.8902941,4.787875,0.0,0,0.0,2018-02-15 07:00:00,4.7483487,5.3833737
2018-02-15 07:00:00,0 days 08:00:00,-1.8902941,4.787875,0.0,0,0.0,2018-02-15 07:00:00,4.7483487,5.3833737
2018-02-15 07:00:00,0 days 09:00:00,-1.8902941,4.787875,0.0,0,0.0,2018-02-15 07:00:00,4.7483487,5.3833737
2018-02-15 07:00:00,0 days 10:00:00,-1.8902941,4.787875,0.0,0,0.0,2018-02-15 07:00:00,4.7483487,5.3833737
2018-02-15 07:00:00,0 days 11:00:00,-1.8902941,4.787875,0.0,0,0.0,2018-02-15 07:00:00,4.7483487,5.3833737
2018-02-15 07:00:00,0 days 12:00:00,-1.8902941,4.787875,0.0,0,0.0,2018-02-15 07:00:00,4.7483487,5.3833737
2018-02-15 19:00:00,0 days 01:00:00,1.6696223,2.9973326,0.0,0,0.0,2018-02-15 19:00:00,0.0,4.3010964
2018-02-15 19:00:00,0 days 02:00:00,1.6696223,2.9973326,0.0,0,0.0,2018-02-15 19:00:00,0.0,4.3010964
2018-02-15 19:00:00,0 days 03:00:00,1.6696223,2.9973326,0.0,0,0.0,2018-02-15 19:00:00,0.0,4.3010964
2018-02-15 19:00:00,0 days 04:00:00,1.6696223,2.9973326,0.0,0,0.0,2018-02-15 19:00:00,0.0,4.3010964
2018-02-15 19:00:00,0 days 05:00:00,1.6696223,2.9973326,0.0,0,0.0,2018-02-15 19:00:00,0.0,4.3010964
2018-02-15 19:00:00,0 days 06:00:00,1.6696223,2.9973326,0.0,0,0.0,2018-02-15 19:00:00,0.0,4.3010964
2018-02-15 19:00:00,0 days 07:00:00,1.6696223,2.9973326,0.0,0,0.0,2018-02-15 19:00:00,0.0,4.3010964
2018-02-15 19:00:00,0 days 08:00:00,1.6696223,2.9973326,0.0,0,0.0,2018-02-15 19:00:00,0.0,4.3010964
2018-02-15 19:00:00,0 days 09:00:00,1.6696223,2.9973326,0.0,0,0.0,2018-02-15 19:00:00,0.0,4.3010964
2018-02-15 19:00:00,0 days 10:00:00,1.6696223,2.9973326,0.0,0,0.0,2018-02-15 19:00:00,0.0,4.3010964
2018-02-15 19:00:00,0 days 11:00:00,1.6696223,2.9973326,0.0,0,0.0,2018-02-15 19:00:00,0.0,4.3010964
2018-02-15 19:00:00,0 days 12:00:00,1.6696223,2.9973326,0.0,0,0.0,2018-02-15 19:00:00,0.0,4.3010964
2018-02-16 07:00:00,0 days 01:00:00,3.0736258,0.77549213,0.0,0,0.0,2018-02-16 07:00:00,4.172141,3.4735808
2018-02-16 07:00:00,0 days 02:00:00,3.0736258,0.77549213,0.0,0,0.0,2018-02-16 07:00:00,4.172141,3.4735808
2018-02-16 07:00:00,0 days 03:00:00,3.0736258,0.77549213,0.0,0,0.0,2018-02-16 07:00:00,4.172141,3.4735808
2018-02-16 07:00:00,0 days 04:00:00,3.0736258,0.77549213,0.0,0,0.0,2018-02-16 07:00:00,4.172141,3.4735808
2018-02-16 07:00:00,0 days 05:00:00,3.0736258,0.77549213,0.0,0,0.0,2018-02-16 07:00:00,4.172141,3.4735808
2018-02-16 07:00:00,0 days 06:00:00,3.0736258,0.77549213,0.0,0,0.0,2018-02-16 07:00:00,4.172141,3.4735808
2018-02-16 07:00:00,0 days 07:00:00,3.0736258,0.77549213,0.0,0,0.0,2018-02-16 07:00:00,4.172141,3.4735808
2018-02-16 07:00:00,0 days 08:00:00,3.0736258,0.77549213,0.0,0,0.0,2018-02-16 07:00:00,4.172141,3.4735808
2018-02-16 07:00:00,0 days 09:00:00,3.0736258,0.77549213,0.0,0,0.0,2018-02-16 07:00:00,4.172141,3.4735808
2018-02-16 07:00:00,0 days 10:00:00,3.0736258,0.77549213,0.0,0,0.0,2018-02-16 07:00:00,4.172141,3.4735808
2018-02-16 07:00:00,0 days 11:00:00,3.0736258,0.77549213,0.0,0,0.0,2018-02-16 07:00:00,4.172141,3.4735808
2018-02-16 07:00:00,0 days 12:00:00,3.0736258,0.77549213,0.0,0,0.0,2018-02-16 07:00:00,4.172141,3.4735808
2018-02-16 19:00:00,0 days 01:00:00,1.80139,0.38427225,0.0,0,0.0,2018-02-16 19:00:00,0.0,3.0122402
2018-02-16 19:00:00,0 days 02:00:00,1.80139,0.38427225,0.0,0,0.0,2018-02-16 19:00:00,0.0,3.0122402
2018-02-16 19:00:00,0 days 03:00:00,1.80139,0.38427225,0.0,0,0.0,2018-02-16 19:00:00,0.0,3.0122402
2018-02-16 19:00:00,0 days 04:00:00,1.80139,0.38427225,0.0,0,0.0,2018-02-16 19:00:00,0.0,3.0122402
2018-02-16 19:00:00,0 days 05:00:00,1.80139,0.38427225,0.0,0,0.0,2018-02-16 19:00:00,0.0,3.0122402
2018-02-16 19:00:00,0 days 06:00:00,1.80139,0.38427225,0.0,0,0.0,2018-02-16 19:00:00,0.0,3.0122402
2018-02-16 19:00:00,0 days 07:00:00,1.80139,0.38427225,0.0,0,0.0,2018-02-16 19:00:00,0.0,3.0122402
2018-02-16 19:00:00,0 days 08:00:00,1.80139,0.38427225,0.0,0,0.0,2018-02-16 19:00:00,0.0,3.0122402
2018-02-16 19:00:00,0 days 09:00:00,1.80139,0.38427225,0.0,0,0.0,2018-02-16 19:00:00,0.0,3.0122402
2018-02-16 19:00:00,0 days 10:00:00,1.80139,0.38427225,0.0,0,0.0,2018-02-16 19:00:00,0.0,3.0122402
2018-02-16 19:00:00,0 days 11:00:00,1.80139,0.38427225,0.0,0,0.0,2018-02-16 19:00:00,0.0,3.0122402
2018-02-16 19:00:00,0 days 12:00:00,1.80139,0.38427225,0.0,0,0.0,2018-02-16 19:00:00,0.0,3.0122402
2018-02-17 07:00:00,0 days 01:00:00,-0.9237686,0.27550346,0.0,0,0.0,2018-02-17 07:00:00,5.2857943,2.5791814
2018-02-17 07:00:00,0 days 02:00:00,-0.9237686,0.27550346,0.0,0,0.0,2018-02-17 07:00:00,5.2857943,2.5791814
2018-02-17 07:00:00,0 days 03:00:00,-0.9237686,0.27550346,0.0,0,0.0,2018-02-17 07:00:00,5.2857943,2.5791814
2018-02-17 07:00:00,0 days 04:00:00,-0.9237686,0.27550346,0.0,0,0.0,2018-02-17 07:00:00,5.2857943,2.5791814
2018-02-17 07:00:00,0 days 05:00:00,-0.9237686,0.27550346,0.0,0,0.0,2018-02-17 07:00:00,5.2857943,2.5791814
2018-02-17 07:00:00,0 days 06:00:00,-0.9237686,0.27550346,0.0,0,0.0,2018-02-17 07:00:00,5.2857943,2.5791814
2018-02-17 07:00:00,0 days 07:00:00,-0.9237686,0.27550346,0.0,0,0.0,2018-02-17 07:00:00,5.2857943,2.5791814
2018-02-17 07:00:00,0 days 08:00:00,-0.9237686,0.27550346,0.0,0,0.0,2018-02-17 07:00:00,5.2857943,2.5791814
2018-02-17 07:00:00,0 days 09:00:00,-0.9237686,0.27550346,0.0,0,0.0,2018-02-17 07:00:00,5.2857943,2.5791814
2018-02-17 07:00:00,0 days 10:00:00,-0.9237686,0.27550346,0.0,0,0.0,2018-02-17 07:00:00,5.2857943,2.5791814
2018-02-17 07:00:00,0 days 11:00:00,-0.9237686,0.27550346,0.0,0,0.0,2018-02-17 07:00:00,5.2857943,2.5791814
2018-02-17 07:00:00,0 days 12:00:00,-0.9237686,0.27550346,0.0,0,0.0,2018-02-17 07:00:00,5.2857943,2.5791814
2018-02-17 19:00:00,0 days 01:00:00,-0.80115366,-0.870162,0.0,0,0.0,2018-02-17 19:00:00,0.0,2.3105001
2018-02-17 19:00:00,0 days 02:00:00,-0.80115366,-0.870162,0.0,0,0.0,2018-02-17 19:00:00,0.0,2.3105001
2018-02-17 19:00:00,0 days 03:00:00,-0.80115366,-0.870162,0.0,0,0.0,2018-02-17 19:00:00,0.0,2.3105001
2018-02-17 19:00:00,0 days 04:00:00,-0.80115366,-0.870162,0.0,0,0.0,2018-02-17 19:00:00,0.0,2.3105001
2018-02-17 19:00:00,0 days 05:00:00,-0.80115366,-0.870162,0.0,0,0.0,2018-02-17 19:00:00,0.0,2.3105001
2018-02-17 19:00:00,0 days 06:00:00,-0.80115366,-0.870162,0.0,0,0.0,2018-02-17 19:00:00,0.0,2.3105001
2018-02-17 19:00:00,0 days 07:00:00,-0.80115366,-0.870162,0.0,0,0.0,2018-02-17 19:00:00,0.0,2.3105001
2018-02-17 19:00:00,0 days 08:00:00,-0.80115366,-0.870162,0.0,0,0.0,2018-02-17 19:00:00,0.0,2.3105001
2018-02-17 19:00:00,0 days 09:00:00,-0.80115366,-0.870162,0.0,0,0.0,2018-02-17 19:00:00,0.0,2.3105001
2018-02-17 19:00:00,0 days 10:00:00,-0.80115366,-0.870162,0.0,0,0.0,2018-02-17 19:00:00,0.0,2.3105001
2018-02-17 19:00:00,0 days 11:00:00,-0.80115366,-0.870162,0.0,0,0.0,2018-02-17 19:00:00,0.0,2.3105001
2018-02-17 19:00:00,0 days 12:00:00,-0.80115366,-0.870162,0.0,0,0.0,2018-02-17 19:00:00,0.0,2.3105001
2018-02-18 07:00:00,0 days 01:00:00,-0.43384773,0.7885949,0.0,0,0.0,2018-02-18 07:00:00,6.2766595,2.3448503
2018-02-18 07:00:00,0 days 02:00:00,-0.43384773,0.7885949,0.0,0,0.0,2018-02-18 07:00:00,6.2766595,2.3448503
2018-02-18 07:00:00,0 days 03:00:00,-0.43384773,0.7885949,0.0,0,0.0,2018-02-18 07:00:00,6.2766595,2.3448503
2018-02-18 07:00:00,0 days 04:00:00,-0.43384773,0.7885949,0.0,0,0.0,2018-02-18 07:00:00,6.2766595,2.3448503
2018-02-18 07:00:00,0 days 05:00:00,-0.43384773,0.7885949,0.0,0,0.0,2018-02-18 07:00:00,6.2766595,2.3448503
2018-02-18 07:00:00,0 days 06:00:00,-0.43384773,0.7885949,0.0,0,0.0,2018-02-18 07:00:00,6.2766595,2.3448503
2018-02-18 07:00:00,0 days 07:00:00,-0.43384773,0.7885949,0.0,0,0.0,2018-02-18 07:00:00,6.2766595,2.3448503
2018-02-18 07:00:00,0 days 08:00:00,-0.43384773,0.7885949,0.0,0,0.0,2018-02-18 07:00:00,6.2766595,2.3448503
2018-02-18 07:00:00,0 days 09:00:00,-0.43384773,0.7885949,0.0,0,0.0,2018-02-18 07:00:00,6.2766595,2.3448503
2018-02-18 07:00:00,0 days 10:00:00,-0.43384773,0.7885949,0.0,0,0.0,2018-02-18 07:00:00,6.2766595,2.3448503
2018-02-18 07:00:00,0 days 11:00:00,-0.43384773,0.7885949,0.0,0,0.0,2018-02-18 07:00:00,6.2766595,2.3448503
2018-02-18 07:00:00,0 days 12:00:00,-0.43384773,0.7885949,0.0,0,0.0,2018-02-18 07:00:00,6.2766595,2.3448503
2018-02-18 19:00:00,0 days 01:00:00,-0.6799239,1.681115,0.0,0,0.0,2018-02-18 19:00:00,0.0,2.7406285
2018-02-18 19:00:00,0 days 02:00:00,-0.6799239,1.681115,0.0,0,0.0,2018-02-18 19:00:00,0.0,2.7406285
2018-02-18 19:00:00,0 days 03:00:00,-0.6799239,1.681115,0.0,0,0.0,2018-02-18 19:00:00,0.0,2.7406285
2018-02-18 19:00:00,0 days 04:00:00,-0.6799239,1.681115,0.0,0,0.0,2018-02-18 19:00:00,0.0,2.7406285
2018-02-18 19:00:00,0 days 05:00:00,-0.6799239,1.681115,0.0,0,0.0,2018-02-18 19:00:00,0.0,2.7406285
2018-02-18 19:00:00,0 days 06:00:00,-0.6799239,1.681115,0.0,0,0.0,2018-02-18 19:00:00,0.0,2.7406285
2018-02-18 19:00:00,0 days 07:00:00,-0.6799239,1.681115,0.0,0,0.0,2018-02-18 19:00:00,0.0,2.7406285
2018-02-18 19:00:00,0 days 08:00:00,-0.6799239,1.681115,0.0,0,0.0,2018-02-18 19:00:00,0.0,2.7406285
2018-02-18 19:00:00,0 days 09:00:00,-0.6799239,1.681115,0.0,0,0.0,2018-02-18 19:00:00,0.0,2.7406285
2018-02-18 19:00:00,0 days 10:00:00,-0.6799239,1.681115,0.0,0,0.0,2018-02-18 19:00:00,0.0,2.7406285
2018-02-18 19:00:00,0 days 11:00:00,-0.6799239,1.681115,0.0,0,0.0,2018-02-18 19:00:00,0.0,2.7406285
2018-02-18 19:00:00,0 days 12:00:00,-0.6799239,1.681115,0.0,0,0.0,2018-02-18 19:00:00,0.0,2.7406285
2018-02-19 07:00:00,0 days 01:00:00,-0.30996233,1.7097105,0.0,0,0.0,2018-02-19 07:00:00,9.237678,2.4145944
2018-02-19 07:00:00,0 days 02:00:00,-0.30996233,1.7097105,0.0,0,0.0,2018-02-19 07:00:00,9.237678,2.4145944
2018-02-19 07:00:00,0 days 03:00:00,-0.30996233,1.7097105,0.0,0,0.0,2018-02-19 07:00:00,9.237678,2.4145944
2018-02-19 07:00:00,0 days 04:00:00,-0.30996233,1.7097105,0.0,0,0.0,2018-02-19 07:00:00,9.237678,2.4145944
2018-02-19 07:00:00,0 days 05:00:00,-0.30996233,1.7097105,0.0,0,0.0,2018-02-19 07:00:00,9.237678,2.4145944
2018-02-19 07:00:00,0 days 06:00:00,-0.30996233,1.7097105,0.0,0,0.0,2018-02-19 07:00:00,9.237678,2.4145944
2018-02-19 07:00:00,0 days 07:00:00,-0.30996233,1.7097105,0.0,0,0.0,2018-02-19 07:00:00,9.237678,2.4145944
2018-02-19 07:00:00,0 days 08:00:00,-0.30996233,1.7097105,0.0,0,0.0,2018-02-19 07:00:00,9.237678,2.4145944
2018-02-19 07:00:00,0 days 09:00:00,-0.30996233,1.7097105,0.0,0,0.0,2018-02-19 07:00:00,9.237678,2.4145944
2018-02-19 07:00:00,0 days 10:00:00,-0.30996233,1.7097105,0.0,0,0.0,2018-02-19 07:00:00,9.237678,2.4145944
2018-02-19 07:00:00,0 days 11:00:00,-0.30996233,1.7097105,0.0,0,0.0,2018-02-19 07:00:00,9.237678,2.4145944
2018-02-19 07:00:00,0 days 12:00:00,-0.30996233,1.7097105,0.0,0,0.0,2018-02-19 07:00:00,9.237678,2.4145944
2018-02-19 19:00:00,0 days 01:00:00,-1.0973246,0.41077706,0.0,0,0.0,2018-02-19 19:00:00,0.0,1.6335295
2018-02-19 19:00:00,0 days 02:00:00,-1.0973246,0.41077706,0.0,0,0.0,2018-02-19 19:00:00,0.0,1.6335295
2018-02-19 19:00:00,0 days 03:00:00,-1.0973246,0.41077706,0.0,0,0.0,2018-02-19 19:00:00,0.0,1.6335295
2018-02-19 19:00:00,0 days 04:00:00,-1.0973246,0.41077706,0.0,0,0.0,2018-02-19 19:00:00,0.0,1.6335295
2018-02-19 19:00:00,0 days 05:00:00,-1.0973246,0.41077706,0.0,0,0.0,2018-02-19 19:00:00,0.0,1.6335295
2018-02-19 19:00:00,0 days 06:00:00,-1.0973246,0.41077706,0.0,0,0.0,2018-02-19 19:00:00,0.0,1.6335295
2018-02-19 19:00:00,0 days 07:00:00,-1.0973246,0.41077706,0.0,0,0.0,2018-02-19 19:00:00,0.0,1.6335295
2018-02-19 19:00:00,0 days 08:00:00,-1.0973246,0.41077706,0.0,0,0.0,2018-02-19 19:00:00,0.0,1.6335295
2018-02-19 19:00:00,0 days 09:00:00,-1.0973246,0.41077706,0.0,0,0.0,2018-02-19 19:00:00,0.0,1.6335295
2018-02-19 19:00:00,0 days 10:00:00,-1.0973246,0.41077706,0.0,0,0.0,2018-02-19 19:00:00,0.0,1.6335295
2018-02-19 19:00:00,0 days 11:00:00,-1.0973246,0.41077706,0.0,0,0.0,2018-02-19 19:00:00,0.0,1.6335295
2018-02-19 19:00:00,0 days 12:00:00,-1.0973246,0.41077706,0.0,0,0.0,2018-02-19 19:00:00,0.0,1.6335295
2018-02-20 07:00:00,0 days 01:00:00,-1.716011,-0.3512689,0.0,0,0.0,2018-02-20 07:00:00,9.721607,2.1393309
2018-02-20 07:00:00,0 days 02:00:00,-1.716011,-0.3512689,0.0,0,0.0,2018-02-20 07:00:00,9.721607,2.1393309
2018-02-20 07:00:00,0 days 03:00:00,-1.716011,-0.3512689,0.0,0,0.0,2018-02-20 07:00:00,9.721607,2.1393309
2018-02-20 07:00:00,0 days 04:00:00,-1.716011,-0.3512689,0.0,0,0.0,2018-02-20 07:00:00,9.721607,2.1393309
2018-02-20 07:00:00,0 days 05:00:00,-1.716011,-0.3512689,0.0,0,0.0,2018-02-20 07:00:00,9.721607,2.1393309
2018-02-20 07:00:00,0 days 06:00:00,-1.716011,-0.3512689,0.0,0,0.0,2018-02-20 07:00:00,9.721607,2.1393309
2018-02-20 07:00:00,0 days 07:00:00,-1.716011,-0.3512689,0.0,0,0.0,2018-02-20 07:00:00,9.721607,2.1393309
2018-02-20 07:00:00,0 days 08:00:00,-1.716011,-0.3512689,0.0,0,0.0,2018-02-20 07:00:00,9.721607,2.1393309
2018-02-20 07:00:00,0 days 09:00:00,-1.716011,-0.3512689,0.0,0,0.0,2018-02-20 07:00:00,9.721607,2.1393309
2018-02-20 07:00:00,0 days 10:00:00,-1.716011,-0.3512689,0.0,0,0.0,2018-02-20 07:00:00,9.721607,2.1393309
2018-02-20 07:00:00,0 days 11:00:00,-1.716011,-0.3512689,0.0,0,0.0,2018-02-20 07:00:00,9.721607,2.1393309
2018-02-20 07:00:00,0 days 12:00:00,-1.716011,-0.3512689,0.0,0,0.0,2018-02-20 07:00:00,9.721607,2.1393309
2018-02-20 19:00:00,0 days 01:00:00,-2.2749786,-1.7221609,0.0,0,0.0,2018-02-20 19:00:00,0.0,3.077542
2018-02-20 19:00:00,0 days 02:00:00,-2.2749786,-1.7221609,0.0,0,0.0,2018-02-20 19:00:00,0.0,3.077542
2018-02-20 19:00:00,0 days 03:00:00,-2.2749786,-1.7221609,0.0,0,0.0,2018-02-20 19:00:00,0.0,3.077542
2018-02-20 19:00:00,0 days 04:00:00,-2.2749786,-1.7221609,0.0,0,0.0,2018-02-20 19:00:00,0.0,3.077542
2018-02-20 19:00:00,0 days 05:00:00,-2.2749786,-1.7221609,0.0,0,0.0,2018-02-20 19:00:00,0.0,3.077542
2018-02-20 19:00:00,0 days 06:00:00,-2.2749786,-1.7221609,0.0,0,0.0,2018-02-20 19:00:00,0.0,3.077542
2018-02-20 19:00:00,0 days 07:00:00,-2.2749786,-1.7221609,0.0,0,0.0,2018-02-20 19:00:00,0.0,3.077542
2018-02-20 19:00:00,0 days 08:00:00,-2.2749786,-1.7221609,0.0,0,0.0,2018-02-20 19:00:00,0.0,3.077542
2018-02-20 19:00:00,0 days 09:00:00,-2.2749786,-1.7221609,0.0,0,0.0,2018-02-20 19:00:00,0.0,3.077542
2018-02-20 19:00:00,0 days 10:00:00,-2.2749786,-1.7221609,0.0,0,0.0,2018-02-20 19:00:00,0.0,3.077542
2018-02-20 19:00:00,0 days 11:00:00,-2.2749786,-1.7221609,0.0,0,0.0,2018-02-20 19:00:00,0.0,3.077542
2018-02-20 19:00:00,0 days 12:00:00,-2.2749786,-1.7221609,0.0,0,0.0,2018-02-20 19:00:00,0.0,3.077542
2018-02-21 07:00:00,0 days 01:00:00,-1.7790663,-1.8792267,0.0,0,0.0,2018-02-21 07:00:00,11.059263,2.7788246
2018-02-21 07:00:00,0 days 02:00:00,-1.7790663,-1.8792267,0.0,0,0.0,2018-02-21 07:00:00,11.059263,2.7788246
2018-02-21 07:00:00,0 days 03:00:00,-1.7790663,-1.8792267,0.0,0,0.0,2018-02-21 07:00:00,11.059263,2.7788246
2018-02-21 07:00:00,0 days 04:00:00,-1.7790663,-1.8792267,0.0,0,0.0,2018-02-21 07:00:00,11.059263,2.7788246
2018-02-21 07:00:00,0 days 05:00:00,-1.7790663,-1.8792267,0.0,0,0.0,2018-02-21 07:00:00,11.059263,2.7788246
2018-02-21 07:00:00,0 days 06:00:00,-1.7790663,-1.8792267,0.0,0,0.0,2018-02-21 07:00:00,11.059263,2.7788246
2018-02-21 07:00:00,0 days 07:00:00,-1.7790663,-1.8792267,0.0,0,0.0,2018-02-21 07:00:00,11.059263,2.7788246
2018-02-21 07:00:00,0 days 08:00:00,-1.7790663,-1.8792267,0.0,0,0.0,2018-02-21 07:00:00,11.059263,2.7788246
2018-02-21 07:00:00,0 days 09:00:00,-1.7790663,-1.8792267,0.0,0,0.0,2018-02-21 07:00:00,11.059263,2.7788246
2018-02-21 07:00:00,0 days 10:00:00,-1.7790663,-1.8792267,0.0,0,0.0,2018-02-21 07:00:00,11.059263,2.7788246
2018-02-21 07:00:00,0 days 11:00:00,-1.7790663,-1.8792267,0.0,0,0.0,2018-02-21 07:00:00,11.059263,2.7788246
2018-02-21 07:00:00,0 days 12:00:00,-1.7790663,-1.8792267,0.0,0,0.0,2018-02-21 07:00:00,11.059263,2.7788246
2018-02-21 19:00:00,0 days 01:00:00,-2.1924427,-2.080204,0.0,0,0.0,2018-02-21 19:00:00,0.0,3.2244086
2018-02-21 19:00:00,0 days 02:00:00,-2.1924427,-2.080204,0.0,0,0.0,2018-02-21 19:00:00,0.0,3.2244086
2018-02-21 19:00:00,0 days 03:00:00,-2.1924427,-2.080204,0.0,0,0.0,2018-02-21 19:00:00,0.0,3.2244086
2018-02-21 19:00:00,0 days 04:00:00,-2.1924427,-2.080204,0.0,0,0.0,2018-02-21 19:00:00,0.0,3.2244086
2018-02-21 19:00:00,0 days 05:00:00,-2.1924427,-2.080204,0.0,0,0.0,2018-02-21 19:00:00,0.0,3.2244086
2018-02-21 19:00:00,0 days 06:00:00,-2.1924427,-2.080204,0.0,0,0.0,2018-02-21 19:00:00,0.0,3.2244086
2018-02-21 19:00:00,0 days 07:00:00,-2.1924427,-2.080204,0.0,0,0.0,2018-02-21 19:00:00,0.0,3.2244086
2018-02-21 19:00:00,0 days 08:00:00,-2.1924427,-2.080204,0.0,0,0.0,2018-02-21 19:00:00,0.0,3.2244086
2018-02-21 19:00:00,0 days 09:00:00,-2.1924427,-2.080204,0.0,0,0.0,2018-02-21 19:00:00,0.0,3.2244086
2018-02-21 19:00:00,0 days 10:00:00,-2.1924427,-2.080204,0.0,0,0.0,2018-02-21 19:00:00,0.0,3.2244086
2018-02-21 19:00:00,0 days 11:00:00,-2.1924427,-2.080204,0.0,0,0.0,2018-02-21 19:00:00,0.0,3.2244086
2018-02-21 19:00:00,0 days 12:00:00,-2.1924427,-2.080204,0.0,0,0.0,2018-02-21 19:00:00,0.0,3.2244086
2018-02-22 07:00:00,0 days 01:00:00,-2.6628778,-2.0748456,0.0,0,0.0,2018-02-22 07:00:00,12.162298,3.6771483
2018-02-22 07:00:00,0 days 02:00:00,-2.6628778,-2.0748456,0.0,0,0.0,2018-02-22 07:00:00,12.162298,3.6771483
2018-02-22 07:00:00,0 days 03:00:00,-2.6628778,-2.0748456,0.0,0,0.0,2018-02-22 07:00:00,12.162298,3.6771483
2018-02-22 07:00:00,0 days 04:00:00,-2.6628778,-2.0748456,0.0,0,0.0,2018-02-22 07:00:00,12.162298,3.6771483
2018-02-22 07:00:00,0 days 05:00:00,-2.6628778,-2.0748456,0.0,0,0.0,2018-02-22 07:00:00,12.162298,3.6771483
2018-02-22 07:00:00,0 days 06:00:00,-2.6628778,-2.0748456,0.0,0,0.0,2018-02-22 07:00:00,12.162298,3.6771483
2018-02-22 07:00:00,0 days 07:00:00,-2.6628778,-2.0748456,0.0,0,0.0,2018-02-22 07:00:00,12.162298,3.6771483
2018-02-22 07:00:00,0 days 08:00:00,-2.6628778,-2.0748456,0.0,0,0.0,2018-02-22 07:00:00,12.162298,3.6771483
2018-02-22 07:00:00,0 days 09:00:00,-2.6628778,-2.0748456,0.0,0,0.0,2018-02-22 07:00:00,12.162298,3.6771483
2018-02-22 07:00:00,0 days 10:00:00,-2.6628778,-2.0748456,0.0,0,0.0,2018-02-22 07:00:00,12.162298,3.6771483
2018-02-22 07:00:00,0 days 11:00:00,-2.6628778,-2.0748456,0.0,0,0.0,2018-02-22 07:00:00,12.162298,3.6771483
2018-02-22 07:00:00,0 days 12:00:00,-2.6628778,-2.0748456,0.0,0,0.0,2018-02-22 07:00:00,12.162298,3.6771483
2018-02-22 19:00:00,0 days 01:00:00,-3.650678,-1.8264375,0.0,0,0.0,2018-02-22 19:00:00,0.0,4.2065067
2018-02-22 19:00:00,0 days 02:00:00,-3.650678,-1.8264375,0.0,0,0.0,2018-02-22 19:00:00,0.0,4.2065067
2018-02-22 19:00:00,0 days 03:00:00,-3.650678,-1.8264375,0.0,0,0.0,2018-02-22 19:00:00,0.0,4.2065067
2018-02-22 19:00:00,0 days 04:00:00,-3.650678,-1.8264375,0.0,0,0.0,2018-02-22 19:00:00,0.0,4.2065067
2018-02-22 19:00:00,0 days 05:00:00,-3.650678,-1.8264375,0.0,0,0.0,2018-02-22 19:00:00,0.0,4.2065067
2018-02-22 19:00:00,0 days 06:00:00,-3.650678,-1.8264375,0.0,0,0.0,2018-02-22 19:00:00,0.0,4.2065067
2018-02-22 19:00:00,0 days 07:00:00,-3.650678,-1.8264375,0.0,0,0.0,2018-02-22 19:00:00,0.0,4.2065067
2018-02-22 19:00:00,0 days 08:00:00,-3.650678,-1.8264375,0.0,0,0.0,2018-02-22 19:00:00,0.0,4.2065067
2018-02-22 19:00:00,0 days 09:00:00,-3.650678,-1.8264375,0.0,0,0.0,2018-02-22 19:00:00,0.0,4.2065067
2018-02-22 19:00:00,0 days 10:00:00,-3.650678,-1.8264375,0.0,0,0.0,2018-02-22 19:00:00,0.0,4.2065067
2018-02-22 19:00:00,0 days 11:00:00,-3.650678,-1.8264375,0.0,0,0.0,2018-02-22 19:00:00,0.0,4.2065067
2018-02-22 19:00:00,0 days 12:00:00,-3.650678,-1.8264375,0.0,0,0.0,2018-02-22 19:00:00,0.0,4.2065067
2018-02-23 07:00:00,0 days 01:00:00,-3.8337815,-1.5950519,0.0,0,0.0,2018-02-23 07:00:00,13.558637,4.3160977
2018-02-23 07:00:00,0 days 02:00:00,-3.8337815,-1.5950519,0.0,0,0.0,2018-02-23 07:00:00,13.558637,4.3160977
2018-02-23 07:00:00,0 days 03:00:00,-3.8337815,-1.5950519,0.0,0,0.0,2018-02-23 07:00:00,13.558637,4.3160977
2018-02-23 07:00:00,0 days 04:00:00,-3.8337815,-1.5950519,0.0,0,0.0,2018-02-23 07:00:00,13.558637,4.3160977
2018-02-23 07:00:00,0 days 05:00:00,-3.8337815,-1.5950519,0.0,0,0.0,2018-02-23 07:00:00,13.558637,4.3160977
2018-02-23 07:00:00,0 days 06:00:00,-3.8337815,-1.5950519,0.0,0,0.0,2018-02-23 07:00:00,13.558637,4.3160977
2018-02-23 07:00:00,0 days 07:00:00,-3.8337815,-1.5950519,0.0,0,0.0,2018-02-23 07:00:00,13.558637,4.3160977
2018-02-23 07:00:00,0 days 08:00:00,-3.8337815,-1.5950519,0.0,0,0.0,2018-02-23 07:00:00,13.558637,4.3160977
2018-02-23 07:00:00,0 days 09:00:00,-3.8337815,-1.5950519,0.0,0,0.0,2018-02-23 07:00:00,13.558637,4.3160977
2018-02-23 07:00:00,0 days 10:00:00,-3.8337815,-1.5950519,0.0,0,0.0,2018-02-23 07:00:00,13.558637,4.3160977
2018-02-23 07:00:00,0 days 11:00:00,-3.8337815,-1.5950519,0.0,0,0.0,2018-02-23 07:00:00,13.558637,4.3160977
2018-02-23 07:00:00,0 days 12:00:00,-3.8337815,-1.5950519,0.0,0,0.0,2018-02-23 07:00:00,13.558637,4.3160977
2018-02-23 19:00:00,0 days 01:00:00,-4.082002,-1.5052106,0.0,0,0.0,2018-02-23 19:00:00,0.0,4.635482
2018-02-23 19:00:00,0 days 02:00:00,-4.082002,-1.5052106,0.0,0,0.0,2018-02-23 19:00:00,0.0,4.635482
2018-02-23 19:00:00,0 days 03:00:00,-4.082002,-1.5052106,0.0,0,0.0,2018-02-23 19:00:00,0.0,4.635482
2018-02-23 19:00:00,0 days 04:00:00,-4.082002,-1.5052106,0.0,0,0.0,2018-02-23 19:00:00,0.0,4.635482
2018-02-23 19:00:00,0 days 05:00:00,-4.082002,-1.5052106,0.0,0,0.0,2018-02-23 19:00:00,0.0,4.635482
2018-02-23 19:00:00,0 days 06:00:00,-4.082002,-1.5052106,0.0,0,0.0,2018-02-23 19:00:00,0.0,4.635482
2018-02-23 19:00:00,0 days 07:00:00,-4.082002,-1.5052106,0.0,0,0.0,2018-02-23 19:00:00,0.0,4.635482
2018-02-23 19:00:00,0 days 08:00:00,-4.082002,-1.5052106,0.0,0,0.0,2018-02-23 19:00:00,0.0,4.635482
2018-02-23 19:00:00,0 days 09:00:00,-4.082002,-1.5052106,0.0,0,0.0,2018-02-23 19:00:00,0.0,4.635482
2018-02-23 19:00:00,0 days 10:00:00,-4.082002,-1.5052106,0.0,0,0.0,2018-02-23 19:00:00,0.0,4.635482
2018-02-23 19:00:00,0 days 11:00:00,-4.082002,-1.5052106,0.0,0,0.0,2018-02-23 19:00:00,0.0,4.635482
2018-02-23 19:00:00,0 days 12:00:00,-4.082002,-1.5052106,0.0,0,0.0,2018-02-23 19:00:00,0.0,4.635482
2018-02-24 07:00:00,0 days 01:00:00,-4.6607656,-1.6755165,0.0,0,0.0,2018-02-24 07:00:00,17.112299,5.3076386
2018-02-24 07:00:00,0 days 02:00:00,-4.6607656,-1.6755165,0.0,0,0.0,2018-02-24 07:00:00,17.112299,5.3076386
2018-02-24 07:00:00,0 days 03:00:00,-4.6607656,-1.6755165,0.0,0,0.0,2018-02-24 07:00:00,17.112299,5.3076386
2018-02-24 07:00:00,0 days 04:00:00,-4.6607656,-1.6755165,0.0,0,0.0,2018-02-24 07:00:00,17.112299,5.3076386
2018-02-24 07:00:00,0 days 05:00:00,-4.6607656,-1.6755165,0.0,0,0.0,2018-02-24 07:00:00,17.112299,5.3076386
2018-02-24 07:00:00,0 days 06:00:00,-4.6607656,-1.6755165,0.0,0,0.0,2018-02-24 07:00:00,17.112299,5.3076386
2018-02-24 07:00:00,0 days 07:00:00,-4.6607656,-1.6755165,0.0,0,0.0,2018-02-24 07:00:00,17.112299,5.3076386
2018-02-24 07:00:00,0 days 08:00:00,-4.6607656,-1.6755165,0.0,0,0.0,2018-02-24 07:00:00,17.112299,5.3076386
2018-02-24 07:00:00,0 days 09:00:00,-4.6607656,-1.6755165,0.0,0,0.0,2018-02-24 07:00:00,17.112299,5.3076386
2018-02-24 07:00:00,0 days 10:00:00,-4.6607656,-1.6755165,0.0,0,0.0,2018-02-24 07:00:00,17.112299,5.3076386
2018-02-24 07:00:00,0 days 11:00:00,-4.6607656,-1.6755165,0.0,0,0.0,2018-02-24 07:00:00,17.112299,5.3076386
2018-02-24 07:00:00,0 days 12:00:00,-4.6607656,-1.6755165,0.0,0,0.0,2018-02-24 07:00:00,17.112299,5.3076386
2018-02-24 19:00:00,0 days 01:00:00,-5.343944,-1.7162706,0.0,0,0.0,2018-02-24 19:00:00,0.0,5.805015
2018-02-24 19:00:00,0 days 02:00:00,-5.343944,-1.7162706,0.0,0,0.0,2018-02-24 19:00:00,0.0,5.805015
2018-02-24 19:00:00,0 days 03:00:00,-5.343944,-1.7162706,0.0,0,0.0,2018-02-24 19:00:00,0.0,5.805015
2018-02-24 19:00:00,0 days 04:00:00,-5.343944,-1.7162706,0.0,0,0.0,2018-02-24 19:00:00,0.0,5.805015
2018-02-24 19:00:00,0 days 05:00:00,-5.343944,-1.7162706,0.0,0,0.0,2018-02-24 19:00:00,0.0,5.805015
2018-02-24 19:00:00,0 days 06:00:00,-5.343944,-1.7162706,0.0,0,0.0,2018-02-24 19:00:00,0.0,5.805015
2018-02-24 19:00:00,0 days 07:00:00,-5.343944,-1.7162706,0.0,0,0.0,2018-02-24 19:00:00,0.0,5.805015
2018-02-24 19:00:00,0 days 08:00:00,-5.343944,-1.7162706,0.0,0,0.0,2018-02-24 19:00:00,0.0,5.805015
2018-02-24 19:00:00,0 days 09:00:00,-5.343944,-1.7162706,0.0,0,0.0,2018-02-24 19:00:00,0.0,5.805015
2018-02-24 19:00:00,0 days 10:00:00,-5.343944,-1.7162706,0.0,0,0.0,2018-02-24 19:00:00,0.0,5.805015
2018-02-24 19:00:00,0 days 11:00:00,-5.343944,-1.7162706,0.0,0,0.0,2018-02-24 19:00:00,0.0,5.805015
2018-02-24 19:00:00,0 days 12:00:00,-5.343944,-1.7162706,0.0,0,0.0,2018-02-24 19:00:00,0.0,5.805015
2018-02-25 07:00:00,0 days 01:00:00,-3.916147,-1.8743356,0.0,0,0.0,2018-02-25 07:00:00,21.11891,4.6469846
2018-02-25 07:00:00,0 days 02:00:00,-3.916147,-1.8743356,0.0,0,0.0,2018-02-25 07:00:00,21.11891,4.6469846
2018-02-25 07:00:00,0 days 03:00:00,-3.916147,-1.8743356,0.0,0,0.0,2018-02-25 07:00:00,21.11891,4.6469846
2018-02-25 07:00:00,0 days 04:00:00,-3.916147,-1.8743356,0.0,0,0.0,2018-02-25 07:00:00,21.11891,4.6469846
2018-02-25 07:00:00,0 days 05:00:00,-3.916147,-1.8743356,0.0,0,0.0,2018-02-25 07:00:00,21.11891,4.6469846
2018-02-25 07:00:00,0 days 06:00:00,-3.916147,-1.8743356,0.0,0,0.0,2018-02-25 07:00:00,21.11891,4.6469846
2018-02-25 07:00:00,0 days 07:00:00,-3.916147,-1.8743356,0.0,0,0.0,2018-02-25 07:00:00,21.11891,4.6469846
2018-02-25 07:00:00,0 days 08:00:00,-3.916147,-1.8743356,0.0,0,0.0,2018-02-25 07:00:00,21.11891,4.6469846
2018-02-25 07:00:00,0 days 09:00:00,-3.916147,-1.8743356,0.0,0,0.0,2018-02-25 07:00:00,21.11891,4.6469846
2018-02-25 07:00:00,0 days 10:00:00,-3.916147,-1.8743356,0.0,0,0.0,2018-02-25 07:00:00,21.11891,4.6469846
2018-02-25 07:00:00,0 days 11:00:00,-3.916147,-1.8743356,0.0,0,0.0,2018-02-25 07:00:00,21.11891,4.6469846
2018-02-25 07:00:00,0 days 12:00:00,-3.916147,-1.8743356,0.0,0,0.0,2018-02-25 07:00:00,21.11891,4.6469846
2018-02-25 19:00:00,0 days 01:00:00,-3.885317,-2.5848339,0.0,0,0.0,2018-02-25 19:00:00,0.0,4.7607956
2018-02-25 19:00:00,0 days 02:00:00,-3.885317,-2.5848339,0.0,0,0.0,2018-02-25 19:00:00,0.0,4.7607956
2018-02-25 19:00:00,0 days 03:00:00,-3.885317,-2.5848339,0.0,0,0.0,2018-02-25 19:00:00,0.0,4.7607956
2018-02-25 19:00:00,0 days 04:00:00,-3.885317,-2.5848339,0.0,0,0.0,2018-02-25 19:00:00,0.0,4.7607956
2018-02-25 19:00:00,0 days 05:00:00,-3.885317,-2.5848339,0.0,0,0.0,2018-02-25 19:00:00,0.0,4.7607956
2018-02-25 19:00:00,0 days 06:00:00,-3.885317,-2.5848339,0.0,0,0.0,2018-02-25 19:00:00,0.0,4.7607956
2018-02-25 19:00:00,0 days 07:00:00,-3.885317,-2.5848339,0.0,0,0.0,2018-02-25 19:00:00,0.0,4.7607956
2018-02-25 19:00:00,0 days 08:00:00,-3.885317,-2.5848339,0.0,0,0.0,2018-02-25 19:00:00,0.0,4.7607956
2018-02-25 19:00:00,0 days 09:00:00,-3.885317,-2.5848339,0.0,0,0.0,2018-02-25 19:00:00,0.0,4.7607956
2018-02-25 19:00:00,0 days 10:00:00,-3.885317,-2.5848339,0.0,0,0.0,2018-02-25 19:00:00,0.0,4.7607956
2018-02-25 19:00:00,0 days 11:00:00,-3.885317,-2.5848339,0.0,0,0.0,2018-02-25 19:00:00,0.0,4.7607956
2018-02-25 19:00:00,0 days 12:00:00,-3.885317,-2.5848339,0.0,0,0.0,2018-02-25 19:00:00,0.0,4.7607956
2018-02-26 07:00:00,0 days 01:00:00,-3.387616,-3.0645115,0.0,0,0.0,2018-02-26 07:00:00,23.668451,4.7481074
2018-02-26 07:00:00,0 days 02:00:00,-3.387616,-3.0645115,0.0,0,0.0,2018-02-26 07:00:00,23.668451,4.7481074
2018-02-26 07:00:00,0 days 03:00:00,-3.387616,-3.0645115,0.0,0,0.0,2018-02-26 07:00:00,23.668451,4.7481074
2018-02-26 07:00:00,0 days 04:00:00,-3.387616,-3.0645115,0.0,0,0.0,2018-02-26 07:00:00,23.668451,4.7481074
2018-02-26 07:00:00,0 days 05:00:00,-3.387616,-3.0645115,0.0,0,0.0,2018-02-26 07:00:00,23.668451,4.7481074
2018-02-26 07:00:00,0 days 06:00:00,-3.387616,-3.0645115,0.0,0,0.0,2018-02-26 07:00:00,23.668451,4.7481074
2018-02-26 07:00:00,0 days 07:00:00,-3.387616,-3.0645115,0.0,0,0.0,2018-02-26 07:00:00,23.668451,4.7481074
2018-02-26 07:00:00,0 days 08:00:00,-3.387616,-3.0645115,0.0,0,0.0,2018-02-26 07:00:00,23.668451,4.7481074
2018-02-26 07:00:00,0 days 09:00:00,-3.387616,-3.0645115,0.0,0,0.0,2018-02-26 07:00:00,23.668451,4.7481074
2018-02-26 07:00:00,0 days 10:00:00,-3.387616,-3.0645115,0.0,0,0.0,2018-02-26 07:00:00,23.668451,4.7481074
2018-02-26 07:00:00,0 days 11:00:00,-3.387616,-3.0645115,0.0,0,0.0,2018-02-26 07:00:00,23.668451,4.7481074
2018-02-26 07:00:00,0 days 12:00:00,-3.387616,-3.0645115,0.0,0,0.0,2018-02-26 07:00:00,23.668451,4.7481074
2018-02-26 19:00:00,0 days 01:00:00,-3.2846532,-3.030622,0.0,0,0.0,2018-02-26 19:00:00,0.0,4.563324
2018-02-26 19:00:00,0 days 02:00:00,-3.2846532,-3.030622,0.0,0,0.0,2018-02-26 19:00:00,0.0,4.563324
2018-02-26 19:00:00,0 days 03:00:00,-3.2846532,-3.030622,0.0,0,0.0,2018-02-26 19:00:00,0.0,4.563324
2018-02-26 19:00:00,0 days 04:00:00,-3.2846532,-3.030622,0.0,0,0.0,2018-02-26 19:00:00,0.0,4.563324
2018-02-26 19:00:00,0 days 05:00:00,-3.2846532,-3.030622,0.0,0,0.0,2018-02-26 19:00:00,0.0,4.563324
2018-02-26 19:00:00,0 days 06:00:00,-3.2846532,-3.030622,0.0,0,0.0,2018-02-26 19:00:00,0.0,4.563324
2018-02-26 19:00:00,0 days 07:00:00,-3.2846532,-3.030622,0.0,0,0.0,2018-02-26 19:00:00,0.0,4.563324
2018-02-26 19:00:00,0 days 08:00:00,-3.2846532,-3.030622,0.0,0,0.0,2018-02-26 19:00:00,0.0,4.563324
2018-02-26 19:00:00,0 days 09:00:00,-3.2846532,-3.030622,0.0,0,0.0,2018-02-26 19:00:00,0.0,4.563324
2018-02-26 19:00:00,0 days 10:00:00,-3.2846532,-3.030622,0.0,0,0.0,2018-02-26 19:00:00,0.0,4.563324
2018-02-26 19:00:00,0 days 11:00:00,-3.2846532,-3.030622,0.0,0,0.0,2018-02-26 19:00:00,0.0,4.563324
2018-02-26 19:00:00,0 days 12:00:00,-3.2846532,-3.030622,0.0,0,0.0,2018-02-26 19:00:00,0.0,4.563324
2018-02-27 07:00:00,0 days 01:00:00,-2.780272,-2.5665827,0.0,0,0.0,2018-02-27 07:00:00,23.027885,4.1587796
2018-02-27 07:00:00,0 days 02:00:00,-2.780272,-2.5665827,0.0,0,0.0,2018-02-27 07:00:00,23.027885,4.1587796
2018-02-27 07:00:00,0 days 03:00:00,-2.780272,-2.5665827,0.0,0,0.0,2018-02-27 07:00:00,23.027885,4.1587796
2018-02-27 07:00:00,0 days 04:00:00,-2.780272,-2.5665827,0.0,0,0.0,2018-02-27 07:00:00,23.027885,4.1587796
2018-02-27 07:00:00,0 days 05:00:00,-2.780272,-2.5665827,0.0,0,0.0,2018-02-27 07:00:00,23.027885,4.1587796
2018-02-27 07:00:00,0 days 06:00:00,-2.780272,-2.5665827,0.0,0,0.0,2018-02-27 07:00:00,23.027885,4.1587796
2018-02-27 07:00:00,0 days 07:00:00,-2.780272,-2.5665827,0.0,0,0.0,2018-02-27 07:00:00,23.027885,4.1587796
2018-02-27 07:00:00,0 days 08:00:00,-2.780272,-2.5665827,0.0,0,0.0,2018-02-27 07:00:00,23.027885,4.1587796
2018-02-27 07:00:00,0 days 09:00:00,-2.780272,-2.5665827,0.0,0,0.0,2018-02-27 07:00:00,23.027885,4.1587796
2018-02-27 07:00:00,0 days 10:00:00,-2.780272,-2.5665827,0.0,0,0.0,2018-02-27 07:00:00,23.027885,4.1587796
2018-02-27 07:00:00,0 days 11:00:00,-2.780272,-2.5665827,0.0,0,0.0,2018-02-27 07:00:00,23.027885,4.1587796
2018-02-27 07:00:00,0 days 12:00:00,-2.780272,-2.5665827,0.0,0,0.0,2018-02-27 07:00:00,23.027885,4.1587796
2018-02-27 19:00:00,0 days 01:00:00,-4.109098,-1.2194595,0.0,0,0.0,2018-02-27 19:00:00,0.0,4.476523
2018-02-27 19:00:00,0 days 02:00:00,-4.109098,-1.2194595,0.0,0,0.0,2018-02-27 19:00:00,0.0,4.476523
2018-02-27 19:00:00,0 days 03:00:00,-4.109098,-1.2194595,0.0,0,0.0,2018-02-27 19:00:00,0.0,4.476523
2018-02-27 19:00:00,0 days 04:00:00,-4.109098,-1.2194595,0.0,0,0.0,2018-02-27 19:00:00,0.0,4.476523
2018-02-27 19:00:00,0 days 05:00:00,-4.109098,-1.2194595,0.0,0,0.0,2018-02-27 19:00:00,0.0,4.476523
2018-02-27 19:00:00,0 days 06:00:00,-4.109098,-1.2194595,0.0,0,0.0,2018-02-27 19:00:00,0.0,4.476523
2018-02-27 19:00:00,0 days 07:00:00,-4.109098,-1.2194595,0.0,0,0.0,2018-02-27 19:00:00,0.0,4.476523
2018-02-27 19:00:00,0 days 08:00:00,-4.109098,-1.2194595,0.0,0,0.0,2018-02-27 19:00:00,0.0,4.476523
2018-02-27 19:00:00,0 days 09:00:00,-4.109098,-1.2194595,0.0,0,0.0,2018-02-27 19:00:00,0.0,4.476523
2018-02-27 19:00:00,0 days 10:00:00,-4.109098,-1.2194595,0.0,0,0.0,2018-02-27 19:00:00,0.0,4.476523
2018-02-27 19:00:00,0 days 11:00:00,-4.109098,-1.2194595,0.0,0,0.0,2018-02-27 19:00:00,0.0,4.476523
2018-02-27 19:00:00,0 days 12:00:00,-4.109098,-1.2194595,0.0,0,0.0,2018-02-27 19:00:00,0.0,4.476523
2018-02-28 07:00:00,0 days 01:00:00,-4.631133,-0.8092173,0.0,0,0.0,2018-02-28 07:00:00,30.678192,4.8943176
2018-02-28 07:00:00,0 days 02:00:00,-4.631133,-0.8092173,0.0,0,0.0,2018-02-28 07:00:00,30.678192,4.8943176
2018-02-28 07:00:00,0 days 03:00:00,-4.631133,-0.8092173,0.0,0,0.0,2018-02-28 07:00:00,30.678192,4.8943176
2018-02-28 07:00:00,0 days 04:00:00,-4.631133,-0.8092173,0.0,0,0.0,2018-02-28 07:00:00,30.678192,4.8943176
2018-02-28 07:00:00,0 days 05:00:00,-4.631133,-0.8092173,0.0,0,0.0,2018-02-28 07:00:00,30.678192,4.8943176
2018-02-28 07:00:00,0 days 06:00:00,-4.631133,-0.8092173,0.0,0,0.0,2018-02-28 07:00:00,30.678192,4.8943176
2018-02-28 07:00:00,0 days 07:00:00,-4.631133,-0.8092173,0.0,0,0.0,2018-02-28 07:00:00,30.678192,4.8943176
2018-02-28 07:00:00,0 days 08:00:00,-4.631133,-0.8092173,0.0,0,0.0,2018-02-28 07:00:00,30.678192,4.8943176
2018-02-28 07:00:00,0 days 09:00:00,-4.631133,-0.8092173,0.0,0,0.0,2018-02-28 07:00:00,30.678192,4.8943176
2018-02-28 07:00:00,0 days 10:00:00,-4.631133,-0.8092173,0.0,0,0.0,2018-02-28 07:00:00,30.678192,4.8943176
2018-02-28 07:00:00,0 days 11:00:00,-4.631133,-0.8092173,0.0,0,0.0,2018-02-28 07:00:00,30.678192,4.8943176
2018-02-28 07:00:00,0 days 12:00:00,-4.631133,-0.8092173,0.0,0,0.0,2018-02-28 07:00:00,30.678192,4.8943176
2018-02-28 19:00:00,0 days 01:00:00,-6.231029,-0.18490621,0.0,0,0.0,2018-02-28 19:00:00,0.0,6.3672814
2018-02-28 19:00:00,0 days 02:00:00,-6.231029,-0.18490621,0.0,0,0.0,2018-02-28 19:00:00,0.0,6.3672814
2018-02-28 19:00:00,0 days 03:00:00,-6.231029,-0.18490621,0.0,0,0.0,2018-02-28 19:00:00,0.0,6.3672814
2018-02-28 19:00:00,0 days 04:00:00,-6.231029,-0.18490621,0.0,0,0.0,2018-02-28 19:00:00,0.0,6.3672814
2018-02-28 19:00:00,0 days 05:00:00,-6.231029,-0.18490621,0.0,0,0.0,2018-02-28 19:00:00,0.0,6.3672814
2018-02-28 19:00:00,0 days 06:00:00,-6.231029,-0.18490621,0.0,0,0.0,2018-02-28 19:00:00,0.0,6.3672814
2018-02-28 19:00:00,0 days 07:00:00,-6.231029,-0.18490621,0.0,0,0.0,2018-02-28 19:00:00,0.0,6.3672814
2018-02-28 19:00:00,0 days 08:00:00,-6.231029,-0.18490621,0.0,0,0.0,2018-02-28 19:00:00,0.0,6.3672814
2018-02-28 19:00:00,0 days 09:00:00,-6.231029,-0.18490621,0.0,0,0.0,2018-02-28 19:00:00,0.0,6.3672814
2018-02-28 19:00:00,0 days 10:00:00,-6.231029,-0.18490621,0.0,0,0.0,2018-02-28 19:00:00,0.0,6.3672814
2018-02-28 19:00:00,0 days 11:00:00,-6.231029,-0.18490621,0.0,0,0.0,2018-02-28 19:00:00,0.0,6.3672814
2018-02-28 19:00:00,0 days 12:00:00,-6.231029,-0.18490621,0.0,0,0.0,2018-02-28 19:00:00,0.0,6.3672814
